資料年月,代號,名稱,市場,產業別,YoY%,MoM%,產業中位YoY%,同業家數,相對強度
11508,5206,坤悅,TPEx,M25A 建設,2630241.1764705884,,22.16517290505406,74,2630219.011297683
11508,6219,富旺,TPEx,M25A 建設,115059.92366412214,-57.98651531439202,22.16517290505406,74,115037.75849121709
11508,1438,三地開發,TWSE,M25A 建設,41420.552147239265,920.6122602860231,22.16517290505406,74,41398.38697433421
11508,1808,潤隆,TWSE,M25A 建設,33032.925531914894,-43.44505427158947,22.16517290505406,74,33010.76035900984
11508,3512,皇龍,TPEx,M25A 建設,27442.5,,22.16517290505406,74,27420.334827094946
11508,2905,三商,TWSE,M29A 百貨批發,7187.402448021923,1843.1472470257727,2.8430848467719483,24,7184.559363175151
11508,1456,怡華,TWSE,M25A 建設,6526.080375163244,2356.031552196442,22.16517290505406,74,6503.91520225819
11508,6535,順藥,TPEx,M17C 藥,5135.838150289017,11512.820512820514,13.935210320845938,75,5121.902939968171
11508,5529,鉅陞,TPEx,M25A 建設,3702.282608695652,347.15582257445993,22.16517290505406,74,3680.117435790598
11508,4416,三圓,TPEx,M25A 建設,3633.031771674744,-32.6446457650767,22.16517290505406,74,3610.86659876969
11508,5205,中茂,TPEx,M99L 資源回收,2617.5182481751826,1130.7438016528927,15.567574908502475,28,2601.95067326668
11508,4113,聯上,TPEx,M25A 建設,2252.2927328556807,18.638710121485357,22.16517290505406,74,2230.1275599506266
11508,5386,青雲,TPEx,M23T 電子通路,1846.2079589216944,128.2967670044723,35.1919397058577,57,1811.0160192158366
11508,5525,順天,TWSE,M25A 建設,1699.2086400934063,20.578166603271207,22.16517290505406,74,1677.0434671883522
11508,8937,合騏*,TPEx,M22A 汽車製造,1403.095975232198,898.0727226005397,98.4969606411519,7,1304.5990145910462
11508,2596,綠意,TPEx,M25A 建設,1287.8783165883854,204.39964524491745,22.16517290505406,74,1265.7131436833313
11508,8926,台汽電,TWSE,M99D 公用事業,1263.6234640055363,14.432225970907743,15.499684873151953,15,1248.1237791323845
11508,6461,益得,TPEx,M17C 藥,1102.9787234042553,2579.620853080569,13.935210320845938,75,1089.0435130834094
11508,1591,駿吉-KY,TPEx,M20B 金屬製品,927.8923253150057,26.71750335380922,37.664156804152086,11,890.2281685108536
11508,7740,熙特爾-創,TWSE,M23D 電子零組件,869.634082504517,-37.87123222753943,25.08933578159188,195,844.5447467229251
11508,7610,聯友金屬-創,TWSE,M99L 資源回收,852.6321978095814,16.824373387441483,15.567574908502475,28,837.0646229010789
11508,4402,郡都開發,TPEx,M25A 建設,840.3707518022657,422.66742987979393,22.16517290505406,74,818.2055788972116
11508,6654,天正國際,TPEx,M23H 電子設備,848.7643215604583,10.65965741548588,42.51717000649329,84,806.247151553965
11508,6486,互動,TPEx,M23K 通信網路,825.8113558796152,770.8527901003969,26.817191653679874,74,798.9941642259354
11508,2258,鴻華先進-創,TWSE,M22A 汽車製造,726.0737499660993,52.91692117175538,98.4969606411519,7,627.5767893249474
11508,5508,永信建,TPEx,M25A 建設,633.6485802383911,15.912949585361686,22.16517290505406,74,611.483407333337
11508,3006,晶豪科,TWSE,M23G 半導體,605.2432014317565,16.509798129958426,29.27771748942473,163,575.9654839423317
11508,8171,天宇,TPEx,M23D 電子零組件,581.2910377760724,-0.17367618762026138,25.08933578159188,195,556.2017019944805
11508,5289,宜鼎,TPEx,M23G 半導體,576.2927682888633,2.1814849302103285,29.27771748942473,163,547.0150507994385
11508,2408,南亞科,TWSE,M23G 半導體,560.8541425724004,1.8753221767796826,29.27771748942473,163,531.5764250829757
11508,5455,昇益,TPEx,M25A 建設,546.5800865800866,14986.868686868687,22.16517290505406,74,524.4149136750325
11508,2348,海悅,TWSE,M25A 建設,540.5590508718318,-31.398027281539285,22.16517290505406,74,518.3938779667777
11508,3708,上緯投控,TWSE,M17F 樹脂,534.5730588954555,-6.544314055043669,20.56055139970624,16,514.0125074957492
11508,5351,鈺創,TPEx,M23G 半導體,525.3153245373534,6.360338061042983,29.27771748942473,163,496.03760704792865
11508,2509,全坤建,TWSE,M25A 建設,510.3268226648617,-88.25146554219245,22.16517290505406,74,488.16164975980763
11508,6560,欣普羅,TPEx,M23C 光電及I/O,461.324570273003,-28.38622291021672,9.849321993850566,130,451.4752482791524
11508,6265,方土昶,TPEx,M23T 電子通路,465.9463049253146,-17.7370093493439,35.1919397058577,57,430.75436521945693
11508,6547,高端疫苗,TPEx,M17C 藥,416.8601727342298,399.0099427920035,13.935210320845938,75,402.92496241338387
11508,3631,晟楠,TPEx,M23B 印刷電路板,421.939736346516,9.437314906219152,40.582840603580124,66,381.3568957429359
11508,3629,地心引力,TPEx,M23X 資訊服務,381.0,-73.88235294117646,20.16137918832383,73,360.83862081167615
11508,6419,京晨科,TPEx,M23C 光電及I/O,365.69566778032413,-1.4329711944738273,9.849321993850566,130,355.84634578647353
11508,2465,麗臺,TWSE,M23A 電腦及週邊,383.2629286702524,10.273586835402366,35.82690162998942,65,347.43602704026296
11508,8299,群聯,TPEx,M23G 半導體,376.5177219159828,4.101269556636891,29.27771748942473,163,347.2400044265581
11508,6212,理銘,TPEx,M25A 建設,331.5416800772449,-30.59921668765852,22.16517290505406,74,309.3765071721908
11508,2059,川湖,TWSE,M20B 金屬製品,344.4151275890319,0.9194731722909152,37.664156804152086,11,306.7509707848798
11508,5514,三豐,TPEx,M25A 建設,319.29460580912865,32.26439790575916,22.16517290505406,74,297.1294329040746
11508,3266,昇陽,TWSE,M25A 建設,307.0065719737121,29.766357245854362,22.16517290505406,74,284.841399068658
11508,3498,陽程,TPEx,M23H 電子設備,326.0465447130375,-16.31090389980578,42.51717000649329,84,283.5293747065442
11508,2344,華邦電,TWSE,M23G 半導體,289.42756449599915,2.000277964749722,29.27771748942473,163,260.1498470065744
11508,8176,智捷,TPEx,M23K 通信網路,281.82501503307276,-25.627360838628444,26.817191653679874,74,255.00782337939287
11508,3260,威剛,TPEx,M23G 半導體,279.80697041038457,2.9717593574737884,29.27771748942473,163,250.52925292095983
11508,3664,安瑞-KY,TPEx,M23X 資訊服務,269.24933206929245,37.07448169951369,20.16137918832383,73,249.08795288096863
11508,2451,創見,TWSE,M23G 半導體,275.4659980905217,-6.889659274430279,29.27771748942473,163,246.18828060109695
11508,4967,十銓,TWSE,M23G 半導體,275.0567709273065,38.03916961239043,29.27771748942473,163,245.77905343788177
11508,3661,世芯-KY,TWSE,M23G 半導體,273.61017160561573,18.069508063335714,29.27771748942473,163,244.332454116191
11508,2073,雄順,TPEx,M20A 基本金屬,249.78321391082105,4.260702771089254,11.847793061266259,53,237.9354208495548
11508,4523,永彰,TPEx,M15D 汽車組件,242.54279972526774,100.59138984060777,6.816747433041865,54,235.7260522922259
11508,3310,佳穎,TPEx,M23D 電子零組件,259.96340846276615,-46.25728805363636,25.08933578159188,195,234.87407268117428
11508,8096,擎亞,TPEx,M23T 電子通路,269.5574579229668,-30.20407343615153,35.1919397058577,57,234.36551821710913
11508,5475,德宏,TPEx,M23B 印刷電路板,271.8799275827834,11.06324345065755,40.582840603580124,66,231.2970869792033
11508,2305,全友,TWSE,M23C 光電及I/O,239.98536640276163,1.490272068459548,9.849321993850566,130,230.13604440891106
11508,4529,淳紳,TPEx,M22A 汽車製造,327.27272727272725,-31.40961857379768,98.4969606411519,7,228.77576663157535
11508,8047,星雲,TPEx,M23C 光電及I/O,231.85349180455216,-1.7965104250477,9.849321993850566,130,222.0041698107016
11508,2419,仲琦,TWSE,M23K 通信網路,245.59047432473767,202.53346411088813,26.817191653679874,74,218.77328267105779
11508,6179,亞通,TPEx,M25C 工程承攬,223.27509730425263,-26.259807925095163,9.42002029759555,6,213.85507700665707
11508,3147,大綜,TPEx,M23X 資訊服務,233.47826842384174,-1.9271524616990265,20.16137918832383,73,213.31688923551792
11508,3135,凌航,TWSE,M23G 半導體,237.786227791755,-7.108615641140347,29.27771748942473,163,208.50851030233028
11508,2724,藝舍-KY,TPEx,M25A 建設,227.70419426048565,-30.5192335819804,22.16517290505406,74,205.5390213554316
11508,5468,凱鈺,TPEx,M23G 半導體,232.88894814024798,168.37919174548583,29.27771748942473,163,203.61123065082325
11508,5263,智崴,TPEx,M23Z 其他電子,216.5614441898171,72.77473192966151,17.780449485962418,13,198.7809947038547
11508,2923,鼎固-KY,TWSE,M25A 建設,218.9867410565063,20.988359626043007,22.16517290505406,74,196.82156815145225
11508,6541,泰福-KY,TWSE,M17C 藥,210.1415494151551,36.05703980515738,13.935210320845938,75,196.2063390943092
11508,6515,穎崴,TWSE,M23B 印刷電路板,233.36649415222965,6.5805563904418465,40.582840603580124,66,192.7836535486495
11508,2337,旺宏,TWSE,M23G 半導體,218.53271706735816,5.444034937143434,29.27771748942473,163,189.25499957793343
11508,6550,北極星藥業-KY,TWSE,M17C 藥,202.55720053835802,225.90310837300476,13.935210320845938,75,188.6219902175121
11508,6431,光麗-KY,TWSE,M17Y 化妝美容,185.89271089271088,17.191696508504926,0.4069472833029337,8,185.48576360940794
11508,3176,基亞,TPEx,M17C 藥,197.40339528202162,241.3651494882245,13.935210320845938,75,183.4681849611757
11508,4934,太極,TWSE,M23C 光電及I/O,192.98288508557457,43.6638292770651,9.849321993850566,130,183.133563091724
11508,4806,桂田文創,TPEx,M99H 電視廣播,179.11410148584244,-15.00042687612055,-3.412680420161717,7,182.52678190600415
11508,3713,新晶投控,TPEx,M23C 光電及I/O,184.79864468993753,28.92361277540782,9.849321993850566,130,174.94932269608697
11508,4973,廣穎電通,TPEx,M23G 半導體,204.02859571367858,-0.6576330566248844,29.27771748942473,163,174.75087822425385
11508,4119,旭富,TWSE,M17C 藥,187.52268077056712,-21.9302291452651,13.935210320845938,75,173.5874704497212
11508,6691,洋基工程,TWSE,M23H 電子設備,213.69818881487726,10.989564156486013,42.51717000649329,84,171.18101880838395
11508,6907,雅特力-KY,TPEx,M23G 半導體,198.71710177550506,-9.069558438721145,29.27771748942473,163,169.43938428608033
11508,5533,皇鼎,TWSE,M25A 建設,189.42621733966746,182.76737313486956,22.16517290505406,74,167.2610444346134
11508,9946,三發地產,TWSE,M25A 建設,185.25724897649096,50.54908337602744,22.16517290505406,74,163.0920760714369
11508,6874,倍力,TPEx,M23X 資訊服務,182.4825036313218,-8.911919745884678,20.16137918832383,73,162.32112444299798
11508,8097,常珵,TPEx,M23K 通信網路,189.1173245614035,-35.14726680194306,26.817191653679874,74,162.30013290772362
11508,6588,東典光電,TPEx,M23K 通信網路,189.01808785529715,1.24135255705696,26.817191653679874,74,162.20089620161727
11508,4157,太景*-KY,TPEx,M17C 藥,172.2115013508298,138.59945872801083,13.935210320845938,75,158.27629102998387
11508,6933,AMAX-KY,TWSE,M23A 電腦及週邊,191.25977642237152,-5.750601626197,35.82690162998942,65,155.4328747923821
11508,6949,沛爾生醫*-創,TWSE,M17H 生物科技,164.71067644661775,157.77777777777777,11.542346291878882,11,153.16833015473887
11508,4542,科嶠,TPEx,M23H 電子設備,194.65100798782808,6.806039088621557,42.51717000649329,84,152.1338379813348
11508,3081,聯亞,TPEx,M23G 半導體,180.9018539007475,3.8425011472237185,29.27771748942473,163,151.62413641132278
11508,7828,創新服務,TPEx,M23H 電子設備,192.1368379931916,21.162837347817366,42.51717000649329,84,149.6196679866983
11508,8271,宇瞻,TWSE,M23G 半導體,177.10455204752728,-0.06850122402945552,29.27771748942473,163,147.82683455810255
11508,3693,營邦,TPEx,M23D 電子零組件,171.01452065990162,3.417336668647826,25.08933578159188,195,145.92518487830975
11508,6613,朋億*,TPEx,M23H 電子設備,186.81734976223558,30.803314798295098,42.51717000649329,84,144.3001797557423
11508,6885,全福生技,TWSE,M17C 藥,157.1095571095571,31.466030989272944,13.935210320845938,75,143.17434678871118
11508,2382,廣達,TWSE,M23A 電腦及週邊,177.453640698528,15.752371011347568,35.82690162998942,65,141.6267390685386
11508,6657,華安,TWSE,M17C 藥,153.3123028391167,30.781758957654723,13.935210320845938,75,139.37709251827079
11508,6227,茂綸,TPEx,M23T 電子通路,168.85623019694452,5.991478939867544,35.1919397058577,57,133.66429049108683
11508,7750,新代,TWSE,M15A 機械,151.06754140387284,-15.09207195704656,18.699479537392047,44,132.3680618664808
11508,3231,緯創,TWSE,M23A 電腦及週邊,166.4840985505344,49.26554412746217,35.82690162998942,65,130.657196920545
11508,1418,東華,TWSE,M14B 棉紡,123.52941176470588,-95.44364508393285,-5.6395574244728754,3,129.16896918917877
11508,8054,安國,TPEx,M23G 半導體,157.4483639638689,7.9197911055577235,29.27771748942473,163,128.17064647444417
11508,6169,昱泉,TPEx,M23X 資訊服務,148.26175869120655,5178.260869565217,20.16137918832383,73,128.10037950288273
11508,4442,竣邦-KY,TPEx,M14C 成衣,131.32054817155662,66.04643577274345,5.367630831359371,28,125.95291734019725
11508,6442,光聖,TWSE,M23K 通信網路,152.24399939889415,32.44156488565142,26.817191653679874,74,125.42680774521428
11508,7730,暉盛-創,TWSE,M23H 電子設備,167.6950244105121,47.61713827471646,42.51717000649329,84,125.17785440401882
11508,6531,愛普*,TWSE,M23G 半導體,150.82441845471112,-6.610617208349262,29.27771748942473,163,121.54670096528639
11508,6026,福邦證,TPEx,M30A 證券,231.77946698415604,381.78473268906816,111.39694347967702,8,120.38252350447902
11508,3018,隆銘綠能,TWSE,M15B 電機製品,130.49163179916317,229.09890474610023,10.714814018047969,14,119.7768177811152
11508,8112,至上,TWSE,M23T 電子通路,154.83476822766156,-47.002535695750645,35.1919397058577,57,119.64282852180386
11508,4726,永昕,TPEx,M17C 藥,131.44212689667236,23.14251480288031,13.935210320845938,75,117.50691657582642
11508,2548,華固,TWSE,M25A 建設,139.52959372288657,752.4103582983179,22.16517290505406,74,117.36442081783251
11508,3226,龍鋒,TPEx,M15D 汽車組件,123.95113510044578,4.620672302198714,6.816747433041865,54,117.13438766740391
11508,2438,翔耀,TWSE,M23C 光電及I/O,126.96455047850115,-51.15736040609137,9.849321993850566,130,117.11522848465059
11508,8084,巨虹,TPEx,M23G 半導體,145.133904884247,35.22090085649147,29.27771748942473,163,115.85618739482226
11508,3041,揚智,TWSE,M23G 半導體,143.33455025414924,-6.320341640088653,29.27771748942473,163,114.0568327647245
11508,2360,致茂,TWSE,M23H 電子設備,156.29654201767283,3.6465264692026853,42.51717000649329,84,113.77937201117955
11508,8996,高力,TWSE,M15Z 其他電製品,112.8353580924365,30.48416219953916,-0.5053297359458623,9,113.34068782838236
11508,6225,天瀚,TWSE,M23K 通信網路,139.20118343195267,17.47184889211769,26.817191653679874,74,112.3839917782728
11508,6589,台康生技,TWSE,M17C 藥,125.90614216701174,-22.72437546919485,13.935210320845938,75,111.9709318461658
11508,3167,大量,TWSE,M23H 電子設備,152.9786603130761,6.370649637811313,42.51717000649329,84,110.4614903065828
11508,6441,廣錠,TPEx,M23D 電子零組件,135.5224867724868,240.84035222052069,25.08933578159188,195,110.4331509908949
11508,8472,納維康,TPEx,M23E 數位雲端,121.30045734738516,15.613637780224803,11.881400723492241,20,109.41905662389291
11508,6209,今國光,TWSE,M23U 消費性電子,106.76387351719937,6.196648449645674,2.398733541059403,27,104.36513997613997
11508,6016,康和證,TPEx,M30A 證券,215.39039794418443,235.27861735273706,111.39694347967702,8,103.99345446450741
11508,6465,威潤,TPEx,M23K 通信網路,128.67103900586815,-26.51743721714438,26.817191653679874,74,101.85384735218828
11508,4931,新盛力,TPEx,M23D 電子零組件,125.86678832116789,10.160534893811118,25.08933578159188,195,100.777452539576
11508,4807,日成-KY,TWSE,M99Z 其他,105.4337738232811,41.193343155087696,5.206317955870409,27,100.2274558674107
11508,4949,有成精密,TWSE,M23C 光電及I/O,107.5919947488982,-14.959625309703918,9.849321993850566,130,97.74267275504764
11508,6877,鏵友益,TPEx,M23H 電子設備,140.17507185785212,-1.479178948496704,42.51717000649329,84,97.65790185135883
11508,5314,世紀*,TPEx,M99Z 其他,102.52220805278574,-15.822807709424037,5.206317955870409,27,97.31589009691534
11508,2495,普安,TWSE,M23C 光電及I/O,106.21354266385858,7.846252436517049,9.849321993850566,130,96.36422067000801
11508,6578,達邦蛋白,TPEx,M12B 油脂飼料,97.3592571096924,-9.841715937110587,1.2417645099363464,12,96.11749259975605
11508,6113,亞矽,TPEx,M23T 電子通路,130.4034643008027,-9.586531606956349,35.1919397058577,57,95.21152459494502
11508,1449,佳和,TWSE,M14C 成衣,100.43731041456016,-14.561401618412404,5.367630831359371,28,95.06967958320078
11508,7728,光焱科技,TPEx,M23H 電子設備,137.32722413134783,1.6783903157205955,42.51717000649329,84,94.81005412485455
11508,3162,精確,TPEx,M15D 汽車組件,101.18952622424949,5.662490057166646,6.816747433041865,54,94.37277879120762
11508,1340,勝悅-KY,TWSE,M13B 塑膠製品,114.24269798253538,-2.185867473192191,20.708674735043566,8,93.5340232474918
11508,6672,騰輝電子-KY,TWSE,M23B 印刷電路板,133.2447678339368,21.127135266753342,40.582840603580124,66,92.66192723035668
11508,6274,台燿,TPEx,M23B 印刷電路板,132.48393122185607,0.10944344976044647,40.582840603580124,66,91.90109061827594
11508,6152,百一,TWSE,M23K 通信網路,118.48334266517357,3.2810370154705346,26.817191653679874,74,91.6661510114937
11508,7794,宏碁智新,TPEx,M15C 家電製品,102.78167311411993,23.552461974735756,11.219507352700457,22,91.56216576141946
11508,6446,藥華藥,TWSE,M17C 藥,105.4274761466709,4.384664840520659,13.935210320845938,75,91.49226582582496
11508,2025,千興,TWSE,M20A 基本金屬,102.5304395876603,88.52262750419028,11.847793061266259,53,90.68264652639404
11508,6215,和椿,TWSE,M23H 電子設備,132.81593791254951,7.728332901410536,42.51717000649329,84,90.29876790605623
11508,8422,可寧衛*,TWSE,M99L 資源回收,105.8498562353335,22.35004137150917,15.567574908502475,28,90.28228132683103
11508,7631,聚賢研發-創,TWSE,M23H 電子設備,132.46346555323592,-5.238018183234746,42.51717000649329,84,89.94629554674263
11508,6593,台灣銘板,TPEx,M23Z 其他電子,107.70474650432797,35.39186507936508,17.780449485962418,13,89.92429701836555
11508,2383,台光電,TWSE,M23B 印刷電路板,129.84671742960728,4.888351969713899,40.582840603580124,66,89.26387682602716
11508,6834,天二科技,TWSE,M23D 電子零組件,114.30418863995163,5.030908148062788,25.08933578159188,195,89.21485285835975
11508,5274,信驊,TPEx,M23G 半導體,118.41515263458373,6.6875194387467864,29.27771748942473,163,89.137435145159
11508,8076,伍豐,TPEx,M23A 電腦及週邊,124.4801621778164,-8.368403631549082,35.82690162998942,65,88.65326054782697
11508,6715,嘉基,TWSE,M23D 電子零組件,113.01819497570557,6.632425334273461,25.08933578159188,195,87.92885919411368
11508,2243,宏旭-KY,TWSE,M15A 機械,106.4393510172547,84.39716964638983,18.699479537392047,44,87.73987147986264
11508,2347,聯強,TWSE,M23T 電子通路,122.01643193808464,2.593631916322056,35.1919397058577,57,86.82449223222693
11508,3623,富晶通,TPEx,M23C 光電及I/O,96.26579854461892,111.26513785106931,9.849321993850566,130,86.41647655076835
11508,8933,愛地雅,TPEx,M99Z 其他,90.56035611416601,-10.19808410456243,5.206317955870409,27,85.35403815829561
11508,6693,廣閎科,TPEx,M23G 半導體,114.19594133697134,3.6092849070766895,29.27771748942473,163,84.91822384754661
11508,8093,保銳,TPEx,M23D 電子零組件,109.56489470266258,-2.725863405391439,25.08933578159188,195,84.4755589210707
11508,3706,神達,TWSE,M23A 電腦及週邊,119.89332334202707,5.638070867629579,35.82690162998942,65,84.06642171203765
11508,3234,光環,TPEx,M23K 通信網路,110.12726780395343,13.116000124944035,26.817191653679874,74,83.31007615027356
11508,3450,聯鈞,TWSE,M23K 通信網路,109.75810219812358,2.4166764461857,26.817191653679874,74,82.94091054444371
11508,1709,和益,TWSE,M17E 清潔劑,82.66667069773207,6.918320795751556,-0.22745157769146804,5,82.89412227542354
11508,5209,新鼎,TPEx,M25C 工程承攬,92.1791254768751,104.9999081670939,9.42002029759555,6,82.75910517927954
11508,2425,承啟,TWSE,M23A 電腦及週邊,118.45737918391718,3.8392858077969194,35.82690162998942,65,82.63047755392776
11508,1312,國喬,TWSE,M13A 石化,89.22674829328686,67.44466336735312,6.645585813622416,30,82.58116247966444
11508,6716,應廣,TPEx,M23G 半導體,111.75153616840056,2.663512532962074,29.27771748942473,163,82.47381867897583
11508,6574,霈方,TPEx,M17Y 化妝美容,82.79946784014737,4.390450587341476,0.4069472833029337,8,82.39252055684443
11508,3443,創意,TWSE,M23G 半導體,111.0204372171911,1.2293622826160435,29.27771748942473,163,81.74271972776637
11508,5547,久舜,TPEx,M25B 營造,89.50367793179775,40.72624404597033,7.954559176920941,17,81.54911875487682
11508,6937,天虹,TWSE,M23H 電子設備,123.29046160061951,27.865154458299394,42.51717000649329,84,80.77329159412622
11508,6903,巨漢,TPEx,M23H 電子設備,122.70103872385356,3.986202439723116,42.51717000649329,84,80.18386871736027
11508,6199,天品,TPEx,M25E 靈骨塔,171.69669177857844,6.946790268304947,91.91210131567433,2,79.7845904629041
11508,4977,眾達-KY,TWSE,M23K 通信網路,106.21752924846322,14.773918705647342,26.817191653679874,74,79.40033759478335
11508,4154,樂威科-KY,TPEx,M20B 金屬製品,117.02317290552584,-10.724106324472961,37.664156804152086,11,79.35901610137375
11508,4576,大銀微系統,TWSE,M15A 機械,98.0452097433352,16.35338909374344,18.699479537392047,44,79.34573020594316
11508,3311,閎暉,TWSE,M23D 電子零組件,104.38285639491761,79.75816388745582,25.08933578159188,195,79.29352061332573
11508,9958,世紀鋼,TWSE,M20A 基本金屬,91.07038120062421,-6.56113025028657,11.847793061266259,53,79.22258813935795
11508,6706,惠特,TWSE,M23H 電子設備,120.52782591403653,17.14781558892326,42.51717000649329,84,78.01065590754324
11508,2636,台驊控股,TWSE,M26C 貨運倉儲,85.48459503786516,3.4156625863497223,7.804528243900269,15,77.6800667939649
11508,7810,捷創科技,TPEx,M23H 電子設備,119.80657090029868,-7.858054207457401,42.51717000649329,84,77.2894008938054
11508,6841,長佳智能,TPEx,M17G 醫療耗材,86.01685053297956,33.862593374200245,9.322370286362348,57,76.69448024661722
11508,2406,國碩,TWSE,M23C 光電及I/O,86.10504037359958,-2.690706572348762,9.849321993850566,130,76.25571837974901
11508,2540,愛山林,TWSE,M25A 建設,98.38295459889332,39.00230742265192,22.16517290505406,74,76.21778169383926
11508,6148,驊宏資,TPEx,M23X 資訊服務,95.40025077542401,41.38235645219052,20.16137918832383,73,75.23887158710018
11508,6609,瀧澤科,TPEx,M15A 機械,92.46337718051008,-1.0625412444763727,18.699479537392047,44,73.76389764311803
11508,2101,南港,TWSE,M21A 輪胎,84.20319969775788,4.663708674666565,10.485149594280998,5,73.71805010347688
11508,3546,宇峻,TPEx,M23X 資訊服務,93.84497509896565,38.00985784698907,20.16137918832383,73,73.68359591064181
11508,6416,瑞祺電通,TWSE,M23A 電腦及週邊,109.34019768099115,21.452660034122886,35.82690162998942,65,73.51329605100173
11508,8499,鼎炫-KY,TWSE,M23Z 其他電子,91.24333542216698,-1.182128468222667,17.780449485962418,13,73.46288593620456
11508,2072,世紀風電,TWSE,M20A 基本金屬,84.83502788539076,-16.581791066047725,11.847793061266259,53,72.9872348241245
11508,6581,鋼聯,TWSE,M99L 資源回收,88.18440615223668,314.52692222468426,15.567574908502475,28,72.6168312437342
11508,4502,健信,TPEx,M15D 汽車組件,78.28824565554592,14.348463899099585,6.816747433041865,54,71.47149822250405
11508,8147,正淩,TPEx,M23D 電子零組件,95.98263406146314,21.68644709595759,25.08933578159188,195,70.89329827987126
11508,1316,上曜,TWSE,M25A 建設,93.04522686147229,-0.7555780495590185,22.16517290505406,74,70.88005395641822
11508,2432,倚天酷碁-創,TWSE,M23C 光電及I/O,80.44201183191694,-9.151717723058681,9.849321993850566,130,70.59268983806638
11508,8033,雷虎,TWSE,M99Z 其他,74.95555092026977,49.00222479761109,5.206317955870409,27,69.74923296439937
11508,2221,大甲,TPEx,M20A 基本金屬,81.31871139616996,42.19236300414261,11.847793061266259,53,69.4709183349037
11508,7795,長廣,TWSE,M23H 電子設備,111.49808375067597,95.7334653422258,42.51717000649329,84,68.98091374418269
11508,1799,易威,TPEx,M17C 藥,82.42065171392298,59.20137093557489,13.935210320845938,75,68.48544139307704
11508,1795,美時,TWSE,M17C 藥,81.67977762526685,-15.431117482488856,13.935210320845938,75,67.74456730442091
11508,6517,保勝光學,TPEx,M23U 消費性電子,70.0911170000363,-17.409927377846717,2.398733541059403,27,67.6923834589769
11508,6756,威鋒電子,TWSE,M23G 半導體,96.9406668471583,6.712030423056524,29.27771748942473,163,67.66294935773357
11508,4760,勤凱科技,TPEx,M23D 電子零組件,91.53718178108421,13.105212426781344,25.08933578159188,195,66.44784599949233
11508,5534,長虹,TWSE,M25A 建設,88.58141426234812,-31.21317354571691,22.16517290505406,74,66.41624135729406
11508,3491,昇達科,TPEx,M23K 通信網路,93.18632935147426,39.55913600041714,26.817191653679874,74,66.36913769779439
11508,6884,海柏特,TPEx,M23T 電子通路,101.21437665262951,5.990381914789955,35.1919397058577,57,66.02243694677182
11508,3691,碩禾,TPEx,M23C 光電及I/O,75.83834981581273,-8.412355156888204,9.849321993850566,130,65.98902782196217
11508,3653,健策,TWSE,M23D 電子零組件,90.90319995881177,0.39577725555222554,25.08933578159188,195,65.81386417721988
11508,2511,太子,TWSE,M25A 建設,87.88742117627663,65.50630278478255,22.16517290505406,74,65.72224827122257
11508,3055,蔚華科,TWSE,M23H 電子設備,108.23555166374781,14.06336187255678,42.51717000649329,84,65.71838165725453
11508,8446,華研,TPEx,M99Z 其他,69.23831619285063,70.98493329601642,5.206317955870409,27,64.03199823698023
11508,3036,文曄,TWSE,M23T 電子通路,98.21291582397657,8.426805566323363,35.1919397058577,57,63.020976118118874
11508,6794,向榮生技,TWSE,M17H 生物科技,74.40543601359003,-36.49484536082474,11.542346291878882,11,62.86308972171115
11508,5355,佳總,TPEx,M23B 印刷電路板,103.3460896869787,-9.930023325558148,40.582840603580124,66,62.76324908339858
11508,5220,萬達光電,TPEx,M23C 光電及I/O,72.53576386793023,-1.9652227595431628,9.849321993850566,130,62.68644187407966
11508,2302,麗正,TWSE,M23D 電子零組件,87.72217512750316,10.529890192612958,25.08933578159188,195,62.63283934591128
11508,2376,技嘉,TWSE,M23A 電腦及週邊,98.42707910183296,7.210115423647554,35.82690162998942,65,62.60017747184354
11508,3054,立萬利,TWSE,M17C 藥,75.61228823557171,5.335560021512072,13.935210320845938,75,61.67707791472577
11508,6658,聯策,TWSE,M23H 電子設備,104.05118528128317,4.4387657575178325,42.51717000649329,84,61.53401527478988
11508,3432,台端,TWSE,M23D 電子零組件,86.54643709940933,26.032689450222882,25.08933578159188,195,61.45710131781745
11508,7744,崴寶,TPEx,M23D 電子零組件,86.43140082206311,-2.1946060860322105,25.08933578159188,195,61.342065040471226
11508,4771,望隼,TWSE,M17G 醫療耗材,70.6377909701609,38.88744071309589,9.322370286362348,57,61.31542068379856
11508,4989,榮科,TWSE,M23B 印刷電路板,101.82935261463086,20.383784882504912,40.582840603580124,66,61.24651201105074
11508,4768,晶呈科技,TPEx,M17Z 其他化學,93.11618386508255,23.92632781267847,31.91683473311466,18,61.19934913196789
11508,4950,金耘國際,TPEx,M99B 五金及家具,64.87176511546942,2.7746742651373273,4.203265064610972,17,60.66850005085844
11508,6187,萬潤,TPEx,M23H 電子設備,103.06092173798378,5.1254408920241215,42.51717000649329,84,60.54375173149049
11508,7717,萊德光電-KY,TPEx,M23K 通信網路,86.19344063164287,12.443034376518701,26.817191653679874,74,59.376248977963
11508,5201,凱衛,TPEx,M23X 資訊服務,79.42010561314297,32.19136136027955,20.16137918832383,73,59.25872642481913
11508,2434,統懋,TWSE,M23D 電子零組件,84.26308539944904,51.758366420873514,25.08933578159188,195,59.173749617857155
11508,2547,日勝生,TWSE,M25A 建設,81.22955024989892,-12.653603290844066,22.16517290505406,74,59.06437734484486
11508,4905,台聯電,TPEx,M17G 醫療耗材,68.23410881113757,-11.832302906954418,9.322370286362348,57,58.911738524775224
11508,8050,廣積,TPEx,M23A 電腦及週邊,94.47744867048132,34.54348231057019,35.82690162998942,65,58.6505470404919
11508,6259,百徽,TPEx,M23T 電子通路,93.68859091434516,-9.932137337902304,35.1919397058577,57,58.49665120848746
11508,6141,柏承,TWSE,M23B 印刷電路板,98.63848944446873,6.974052773222651,40.582840603580124,66,58.05564884088861
11508,6213,聯茂,TWSE,M23B 印刷電路板,97.92882458381861,6.2086586004218836,40.582840603580124,66,57.345983980238486
11508,8021,尖點,TWSE,M23B 印刷電路板,97.75305404524683,5.504950115539201,40.582840603580124,66,57.170213441666704
11508,4582,聚恆-創,TWSE,M23C 光電及I/O,66.87285868493922,68.78673084774084,9.849321993850566,130,57.02353669108865
11508,7792,安葆,TPEx,M15B 電機製品,67.71662688234218,9.954250462517455,10.714814018047969,14,57.001812864294216
11508,6811,宏碁資訊,TPEx,M23X 資訊服務,77.11195291418402,4.300469600727975,20.16137918832383,73,56.95057372586018
11508,1714,和桐,TWSE,M17E 清潔劑,56.10735951141534,-8.522145731496234,-0.22745157769146804,5,56.33481108910681
11508,7842,天能綠電,TPEx,M99D 公用事業,71.54205707669547,0.38866564402744186,15.499684873151953,15,56.04237220354352
11508,2248,華勝-KY,TWSE,M15D 汽車組件,62.42324416919225,6.089269115571316,6.816747433041865,54,55.60649673615039
11508,6782,視陽,TWSE,M17G 醫療耗材,64.05265978828889,5.164716467781455,9.322370286362348,57,54.73028950192654
11508,3290,東浦,TPEx,M23D 電子零組件,79.79663584803046,1.1166730843280708,25.08933578159188,195,54.70730006643858
11508,6598,ABC-KY,TWSE,M17G 醫療耗材,63.9962325080732,32.613047830439136,9.322370286362348,57,54.67386222171085
11508,2427,三商電,TWSE,M23X 資訊服務,74.78099474049145,7.482170760306899,20.16137918832383,73,54.619615552167616
11508,6285,啟碁,TWSE,M23K 通信網路,81.21065327804487,-7.148302718672684,26.817191653679874,74,54.393461624365
11508,6739,竹陞科技,TPEx,M23H 電子設備,96.72751410554265,7.3446532315315185,42.51717000649329,84,54.210344099049365
11508,5288,豐祥-KY,TWSE,M15D 汽車組件,60.09646994248528,-4.663841734840486,6.816747433041865,54,53.27972250944342
11508,3570,大塚,TPEx,M23X 資訊服務,73.407767106412,24.274203917198818,20.16137918832383,73,53.24638791808816
11508,3028,增你強,TWSE,M23T 電子通路,87.95350944559226,-8.19880835736953,35.1919397058577,57,52.76156973973456
11508,6894,衛司特,TPEx,M99L 資源回收,67.83490557991163,-1.128038669869057,15.567574908502475,28,52.267330671409155
11508,4590,富田-創,TWSE,M15B 電機製品,62.92394994781232,51.62226737824621,10.714814018047969,14,52.20913592976435
11508,1528,恩德,TWSE,M15A 機械,70.8380690048627,20.534599600622652,18.699479537392047,44,52.13858946747065
11508,6863,永道-KY,TWSE,M23K 通信網路,78.90177755205688,-22.209953731103333,26.817191653679874,74,52.084585898377014
11508,2363,矽統,TWSE,M23G 半導體,81.06426064737752,26.64293659621802,29.27771748942473,163,51.78654315795279
11508,2395,研華,TWSE,M23A 電腦及週邊,87.51710391930136,-7.5661697753130355,35.82690162998942,65,51.69020228931194
11508,6425,易發,TPEx,M23H 電子設備,93.96055625174893,-10.817357447736898,42.51717000649329,84,51.44338624525564
11508,6426,統新,TWSE,M23K 通信網路,78.20867959372114,-6.326236061972335,26.817191653679874,74,51.39148794004127
11508,2460,建通,TWSE,M23D 電子零組件,75.64976190094438,1.320718071085708,25.08933578159188,195,50.5604261193525
11508,3141,晶宏,TPEx,M23G 半導體,79.77072598488336,12.266368681927565,29.27771748942473,163,50.493008495458625
11508,2466,冠西電,TWSE,M23C 光電及I/O,59.9166856232939,15.93621802139809,9.849321993850566,130,50.067363629443335
11508,6901,鑽石投資,TWSE,M31B 創投,-87.74164810690424,100.1484505474114,-137.5551324112878,2,49.81348430438355
11508,3043,科風,TWSE,M23D 電子零組件,74.63776276276276,-13.442235597272482,25.08933578159188,195,49.54842698117088
11508,3022,威強電,TWSE,M23A 電腦及週邊,84.97614765538744,-20.85256331533473,35.82690162998942,65,49.149246025398014
11508,7769,鴻勁,TWSE,M23H 電子設備,91.58397305250298,-0.5134678562183252,42.51717000649329,84,49.066803046009696
11508,2388,威盛,TWSE,M23G 半導體,77.39127929312332,-18.7004201876715,29.27771748942473,163,48.11356180369859
11508,2488,漢平,TWSE,M23U 消費性電子,50.050599201065246,4.564530967069734,2.398733541059403,27,47.651865660005846
11508,6869,雲豹能源,TWSE,M99D 公用事業,63.12506784523533,-9.441434182003508,15.499684873151953,15,47.62538297208337
11508,4123,晟德,TPEx,M17C 藥,61.52537476326518,-3.5584233054366576,13.935210320845938,75,47.59016444241924
11508,2929,淘帝-KY,TWSE,M29A 百貨批發,50.320717981543716,36.13992922619838,2.8430848467719483,24,47.477633134771764
11508,5460,同協,TPEx,M23D 電子零組件,72.53747615153993,43.93160838524851,25.08933578159188,195,47.44814036994805
11508,4916,事欣科,TWSE,M23A 電腦及週邊,82.95982513400992,6.285995305001979,35.82690162998942,65,47.132923504020496
11508,4566,時碩工業,TWSE,M15D 汽車組件,53.94780686006835,7.4405373541150635,6.816747433041865,54,47.131059427026486
11508,5498,凱崴,TPEx,M23B 印刷電路板,87.52412149123518,2.2227427823842443,40.582840603580124,66,46.941280887655054
11508,6770,力積電,TWSE,M23G 半導體,76.19282844889565,5.097735257913507,29.27771748942473,163,46.91511095947092
11508,6190,萬泰科,TPEx,M23D 電子零組件,71.82219158754506,-0.19023503990330345,25.08933578159188,195,46.73285580595318
11508,2734,易飛網,TPEx,M27C 旅行社,53.642139862311716,9.836164150384842,6.988488132071125,7,46.65365173024059
11508,6855,數泓科,TPEx,M15A 機械,64.65607909129155,-14.555873925501432,18.699479537392047,44,45.956599553899494
11508,2030,彰源,TWSE,M20A 基本金屬,57.69192058134775,8.994771323067676,11.847793061266259,53,45.84412752008149
11508,6538,倉和,TPEx,M23C 光電及I/O,55.6734663614373,6.813903797725943,9.849321993850566,130,45.82414436758673
11508,4303,信立,TPEx,M13A 石化,52.26860440089781,37.71783463107156,6.645585813622416,30,45.62301858727539
11508,4417,金洲,TPEx,M14Z 其他紡織,58.25909480659069,6.424454725352666,12.75986290062482,5,45.49923190596587
11508,6472,保瑞,TWSE,M17C 藥,59.21841576870238,14.885070860129273,13.935210320845938,75,45.28320544785644
11508,3702,大聯大,TWSE,M23T 電子通路,80.45926827221638,-2.640639471153946,35.1919397058577,57,45.26732856635868
11508,5228,鈺鎧,TPEx,M23D 電子零組件,70.24885536023534,-8.919574073839046,25.08933578159188,195,45.159519578643454
11508,6924,榮惠-KY創,TWSE,M23B 印刷電路板,84.98932601402866,31.039101317779217,40.582840603580124,66,44.40648541044854
11508,2414,精技,TWSE,M23T 電子通路,79.51753158995898,41.26387055707326,35.1919397058577,57,44.32559188410128
11508,2885,元大金,TWSE,M28L 金融控股,57.940258843989525,11.532295134693848,13.898753138784288,13,44.04150570520524
11508,6175,立敦,TPEx,M23D 電子零組件,68.93824644185868,2.005112351618525,25.08933578159188,195,43.848910660266796
11508,3206,志豐,TPEx,M23U 消費性電子,46.20151986085913,-11.072425582635425,2.398733541059403,27,43.80278631979973
11508,6643,M31,TPEx,M23G 半導體,73.0784708249497,6.468752075446636,29.27771748942473,163,43.80075333552497
11508,8088,品安,TPEx,M23G 半導體,72.93612042391378,6.521849605233372,29.27771748942473,163,43.65840293448905
11508,2543,皇昌,TWSE,M25B 營造,51.50921763610771,-9.342744662966663,7.954559176920941,17,43.55465845918677
11508,3715,定穎投控,TWSE,M23B 印刷電路板,83.96056599949932,15.834600165610007,40.582840603580124,66,43.3777253959192
11508,6861,睿生光電,TWSE,M17G 醫療耗材,52.47437428070515,-2.5054503689745053,9.322370286362348,57,43.1520039943428
11508,6916,華凌,TWSE,M23C 光電及I/O,52.96023860611743,-4.191940092619962,9.849321993850566,130,43.11091661226686
11508,6220,岳豐,TPEx,M23D 電子零組件,68.01226096987067,0.1085279187817259,25.08933578159188,195,42.92292518827878
11508,3088,艾訊,TPEx,M23A 電腦及週邊,78.52614807235602,0.13320344761864425,35.82690162998942,65,42.6992464423666
11508,1442,名軒,TWSE,M25A 建設,64.5678270192552,-2.1378608861011403,22.16517290505406,74,42.40265411420114
11508,1342,八貫,TWSE,M13B 塑膠製品,62.82977561740993,-9.017939915942742,20.708674735043566,8,42.12110088236636
11508,3508,位速,TPEx,M23D 電子零組件,67.1899502284039,16.700773349196908,25.08933578159188,195,42.10061444681202
11508,3324,雙鴻,TPEx,M23D 電子零組件,67.17939465738924,-16.577416978403203,25.08933578159188,195,42.090058875797354
11508,8289,泰藝,TPEx,M23D 電子零組件,67.14797779044615,-1.478934504329094,25.08933578159188,195,42.058642008854264
11508,8089,康全電訊,TPEx,M23K 通信網路,68.73192658974432,149.6420553225738,26.817191653679874,74,41.91473493606445
11508,2455,全新,TWSE,M23G 半導體,71.15939605853318,11.560603260792313,29.27771748942473,163,41.881678569108445
11508,6214,精誠,TWSE,M23X 資訊服務,61.91075076871571,24.35655889130407,20.16137918832383,73,41.74937158039188
11508,2607,榮運,TWSE,M26C 貨運倉儲,49.389906432141686,2.4091885883660615,7.804528243900269,15,41.585378188241414
11508,8068,全達,TPEx,M23T 電子通路,76.73862928873109,-6.954041316749938,35.1919397058577,57,41.54668958287339
11508,6196,帆宣,TWSE,M23H 電子設備,83.88589994276812,-3.976329003076118,42.51717000649329,84,41.36872993627483
11508,7788,松川精密,TWSE,M23D 電子零組件,66.40771696817036,-11.593011326079992,25.08933578159188,195,41.31838118657848
11508,1506,正道,TWSE,M15D 汽車組件,47.80584006616197,-6.028150784662676,6.816747433041865,54,40.98909263312011
11508,8942,森鉅,TPEx,M13A 石化,47.618455354122304,2.084566159774307,6.645585813622416,30,40.972869540499886
11508,3709,鑫聯大投控,TPEx,M23T 電子通路,76.05769307049941,-25.041180571644215,35.1919397058577,57,40.86575336464171
11508,7703,銳澤,TPEx,M23H 電子設備,83.25669260023365,17.506988961107268,42.51717000649329,84,40.73952259374036
11508,3624,光頡,TPEx,M23D 電子零組件,65.7609210971893,4.412337708508127,25.08933578159188,195,40.67158531559741
11508,2115,六暉-KY,TWSE,M15D 汽車組件,47.411575042844014,-0.37369114442522744,6.816747433041865,54,40.59482760980215
11508,2241,艾姆勒,TWSE,M15D 汽車組件,47.331857135612985,8.884336235649773,6.816747433041865,54,40.515109702571124
11508,4721,美琪瑪,TPEx,M17Z 其他化學,72.34525505193395,20.447086844665048,31.91683473311466,18,40.42842031881929
11508,1303,南亞,TWSE,M13A 石化,46.746902846686,0.09347590944474662,6.645585813622416,30,40.10131703306358
11508,3380,明泰,TWSE,M23K 通信網路,66.87986902351231,71.11300314748665,26.817191653679874,74,40.06267736983244
11508,6629,泰金-KY,TPEx,M99B 五金及家具,44.238290393909494,-16.669856857523303,4.203265064610972,17,40.03502532929852
11508,4155,訊映,TWSE,M17G 醫療耗材,49.34935162264665,29.083735720174303,9.322370286362348,57,40.0269813362843
11508,3229,晟鈦,TWSE,M23B 印刷電路板,80.40598372488151,-2.3428855941579996,40.582840603580124,66,39.823143121301385
11508,6670,復盛應用,TWSE,M99Z 其他,45.01593222047094,13.125124686803655,5.206317955870409,27,39.809614264600526
11508,4728,雙美,TPEx,M17G 醫療耗材,48.818304279979195,0.7558073910197078,9.322370286362348,57,39.495933993616845
11508,3004,豐達科,TWSE,M22B 機車船製造,62.29746815925001,6.473175449031532,23.571776912366506,11,38.7256912468835
11508,1815,富喬,TPEx,M23B 印刷電路板,79.20696400933353,6.791014292252034,40.582840603580124,66,38.62412340575341
11508,4148,全宇生技-KY,TWSE,M17C 藥,51.949525200273904,4.360526062295658,13.935210320845938,75,38.014314879427964
11508,2501,國建,TWSE,M25A 建設,60.17783541872381,-34.3011027848693,22.16517290505406,74,38.01266251366975
11508,2889,國票金,TWSE,M28L 金融控股,51.8964745383324,22.110855687865797,13.898753138784288,13,37.99772139954811
11508,4995,晶達,TPEx,M23C 光電及I/O,47.13350149808742,-12.354501460276254,9.849321993850566,130,37.28417950423685
11508,8916,光隆,TPEx,M14C 成衣,42.44010938677826,-6.6638314649797215,5.367630831359371,28,37.07247855541889
11508,3689,湧德,TPEx,M23D 電子零組件,62.06674705146218,-7.3383707381206085,25.08933578159188,195,36.9774112698703
11508,3338,泰碩,TWSE,M23D 電子零組件,61.997363216875414,13.661468366139456,25.08933578159188,195,36.90802743528353
11508,5245,智晶,TPEx,M23C 光電及I/O,46.66200563103494,-4.308963136481322,9.849321993850566,130,36.81268363718437
11508,3060,銘異,TWSE,M23C 光電及I/O,46.389392118216364,9.56442610073084,9.849321993850566,130,36.5400701243658
11508,6612,奈米醫材,TPEx,M17G 醫療耗材,45.710613031901325,32.01253327417923,9.322370286362348,57,36.388242745538975
11508,6606,建德工業,TWSE,M15A 機械,54.917377616103614,4.901029470242566,18.699479537392047,44,36.21789807871157
11508,2535,達欣工,TWSE,M25B 營造,44.16751718611615,6.622818691464409,7.954559176920941,17,36.21295800919521
11508,912000,晨訊科-DR,TWSE,M23K 通信網路,62.91985586154291,71.15126897942831,26.817191653679874,74,36.10266420786304
11508,4114,健喬,TPEx,M17C 藥,49.881070425781786,-4.7338772829464215,13.935210320845938,75,35.945860104935846
11508,1413,宏洲,TWSE,M14A 人纖,27.66535454898265,6.144556098460404,-8.157545288115324,14,35.82289983709797
11508,2368,金像電,TWSE,M23B 印刷電路板,76.38825024031777,3.6890808722169304,40.582840603580124,66,35.80540963673765
11508,8024,佑華,TPEx,M23G 半導體,64.88353555929501,14.643758852146068,29.27771748942473,163,35.60581806987028
11508,2890,永豐金,TWSE,M28L 金融控股,49.48292252285266,0.975452104876698,13.898753138784288,13,35.584169384068375
11508,8437,大地-KY,TPEx,M99Z 其他,40.640172630821795,-15.88061306802904,5.206317955870409,27,35.433854674951384
11508,2615,萬海,TWSE,M26A 海運,65.59455773911166,3.0066159166342357,31.062250846303606,12,34.53230689280806
11508,5516,雙喜,TPEx,M25B 營造,42.46539762141426,50.92522528719818,7.954559176920941,17,34.510838444493324
11508,3591,艾笛森,TWSE,M23C 光電及I/O,44.13254324661866,0.632274965399272,9.849321993850566,130,34.283221252768094
11508,2027,大成鋼,TWSE,M20A 基本金屬,46.090820444159995,-1.844325143042543,11.847793061266259,53,34.243027382893736
11508,3003,健和興,TWSE,M23D 電子零組件,59.309258699644346,-16.661067832034963,25.08933578159188,195,34.21992291805246
11508,8390,金益鼎,TPEx,M99L 資源回收,49.43906458783707,-10.790949314408376,15.567574908502475,28,33.8714896793346
11508,4561,健椿,TPEx,M15A 機械,52.37483047016275,-14.37678122047838,18.699479537392047,44,33.6753509327707
11508,4736,泰博,TWSE,M17G 醫療耗材,42.68640953520201,5.46706353104862,9.322370286362348,57,33.36403924883966
11508,2354,鴻準,TWSE,M23D 電子零組件,58.41679083173851,2.0757869205314243,25.08933578159188,195,33.327455050146625
11508,1232,大統益,TWSE,M12B 油脂飼料,34.55623169795253,-3.7486096913354037,1.2417645099363464,12,33.31446718801619
11508,5222,全訊,TWSE,M23K 通信網路,59.944312768944016,5.617687281568151,26.817191653679874,74,33.127121115264146
11508,9955,佳龍,TWSE,M99L 資源回收,48.63394781688442,72.3821127205451,15.567574908502475,28,33.06637290838195
11508,6651,全宇昕,TPEx,M23G 半導體,62.335928809788655,-2.2824421756318096,29.27771748942473,163,33.058211320363924
11508,3067,全域,TPEx,M23U 消費性電子,35.44562551103843,-30.0464527027027,2.398733541059403,27,33.04689196997903
11508,2597,潤弘,TWSE,M25B 營造,40.9086362028445,18.615648736382795,7.954559176920941,17,32.95407702592356
11508,1410,南染,TWSE,M14E 染整,36.32137149498765,3.748341441839894,3.400595434998346,3,32.92077605998931
11508,6218,豪勉,TPEx,M23X 資訊服務,52.85091996619205,37.01796988829529,20.16137918832383,73,32.68954077786822
11508,8442,威宏-KY,TWSE,M99K 鞋及旅行箱,36.94857667122038,-4.685681807284291,4.325261712464019,11,32.62331495875636
11508,2345,智邦,TWSE,M23K 通信網路,59.42279854814421,3.5464415513967307,26.817191653679874,74,32.60560689446433
11508,6947,台鎔科技,TWSE,M99L 資源回收,48.04604144815364,-9.221301250242563,15.567574908502475,28,32.478466539651166
11508,2945,三商家購,TWSE,M29A 百貨批發,35.2874619579956,-0.4833107618378443,2.8430848467719483,24,32.44437711122365
11508,9105,泰金寶-DR,TWSE,M23C 光電及I/O,42.16849274964031,-15.415274079617168,9.849321993850566,130,32.31917075578974
11508,2374,佳能,TWSE,M23U 消費性電子,34.7021226390898,13.218945850766243,2.398733541059403,27,32.3033890980304
11508,6126,信音,TPEx,M23D 電子零組件,57.25232421904718,-6.499317842137452,25.08933578159188,195,32.1629884374553
11508,7822,倍利科,TWSE,M23H 電子設備,74.62048704884945,10.572321032953592,42.51717000649329,84,32.10331704235617
11508,3434,哲固,TPEx,M23C 光電及I/O,41.94985495234148,118.9795021376913,9.849321993850566,130,32.100532958490916
11508,2208,台船,TWSE,M22B 機車船製造,55.644028484352404,40.99954677594104,23.571776912366506,11,32.0722515719859
11508,2351,順德,TWSE,M23G 半導體,61.221187315428,-0.1493924156241576,29.27771748942473,163,31.943469826003266
11508,6532,瑞耘,TPEx,M23H 電子設備,74.22837401700077,-12.865018471156578,42.51717000649329,84,31.711204010507487
11508,1451,年興,TWSE,M14C 成衣,36.79930560639177,-2.4233852800677904,5.367630831359371,28,31.4316747750324
11508,5609,中菲行,TPEx,M26C 貨運倉儲,39.0514302604756,4.460990079144181,7.804528243900269,15,31.24690201657533
11508,7749,意騰-KY,TWSE,M23G 半導體,60.497322235127115,-4.38641168556602,29.27771748942473,163,31.219604745702384
11508,2464,盟立,TWSE,M23H 電子設備,73.70780965783624,7.561365919680548,42.51717000649329,84,31.19063965134295
11508,8383,千附,TPEx,M23H 電子設備,73.60021446411119,3.071520387481011,42.51717000649329,84,31.083044457617902
11508,8109,博大,TPEx,M23D 電子零組件,56.11513756740975,7.399110556587411,25.08933578159188,195,31.025801785817865
11508,9802,鈺齊-KY,TWSE,M99K 鞋及旅行箱,35.30919354426498,-20.985696096857993,4.325261712464019,11,30.98393183180096
11508,6201,亞弘電,TWSE,M23U 消費性電子,33.248340525032496,5.880860920878523,2.398733541059403,27,30.849606983973093
11508,1727,中華化,TWSE,M17Z 其他化學,62.67146732929334,9.09168200580691,31.91683473311466,18,30.754632596178684
11508,4702,中美實,TPEx,M17B 染料及顏料,39.21259842519685,2538.805970149254,9.254815718380485,6,29.957782706816367
11508,8409,商之器,TPEx,M17G 醫療耗材,39.1702621971457,39.53147877013177,9.322370286362348,57,29.847891910783353
11508,4974,亞泰,TPEx,M23C 光電及I/O,39.54911695287702,11.324067148674478,9.849321993850566,130,29.699794959026455
11508,5546,永固-KY,TWSE,M11B 預拌混凝土,32.806001600215474,7.520571578832599,3.12297284774349,3,29.683028752471984
11508,3332,幸康,TPEx,M23D 電子零組件,54.71850386062934,11.972368864427722,25.08933578159188,195,29.62916807903746
11508,6223,旺矽,TPEx,M23B 印刷電路板,69.87471956008775,13.449324844546412,40.582840603580124,66,29.29187895650763
11508,4906,正文,TWSE,M23K 通信網路,56.09452372021568,6.5921601721881995,26.817191653679874,74,29.27733206653581
11508,3017,奇鋐,TWSE,M23D 電子零組件,54.340256925995845,4.792408367613132,25.08933578159188,195,29.250921144403964
11508,6173,信昌電,TPEx,M23D 電子零組件,54.26510929473646,2.68920483524502,25.08933578159188,195,29.17577351314458
11508,6015,宏遠證,TPEx,M30A 證券,140.4952387188123,404.544135479391,111.39694347967702,8,29.09829523913527
11508,4545,銘鈺,TWSE,M23D 電子零組件,54.178385560845975,35.61949380774045,25.08933578159188,195,29.089049779254093
11508,5243,乙盛-KY,TWSE,M23D 電子零組件,54.12471687397441,7.9636443689656256,25.08933578159188,195,29.035381092382526
11508,3168,眾福科,TWSE,M23C 光電及I/O,38.86429069970337,3.532023189065689,9.849321993850566,130,29.0149687058528
11508,8091,翔名,TPEx,M23H 電子設備,71.52047541991102,-8.749306336707912,42.51717000649329,84,29.003305413417735
11508,4744,皇將,TPEx,M15H 儀器設備,34.59208220724065,143.6020103743919,5.66321072986094,5,28.92887147737971
11508,8438,昶昕,TWSE,M99L 資源回收,44.483904844254425,1.7419444549786998,15.567574908502475,28,28.91632993575195
11508,3665,貿聯-KY,TWSE,M23D 電子零組件,53.99150153319462,-7.667158350869378,25.08933578159188,195,28.90216575160274
11508,2426,鼎元,TWSE,M23C 光電及I/O,38.57482029343866,-0.8342369922056976,9.849321993850566,130,28.725498299588097
11508,3016,嘉晶,TWSE,M23G 半導體,57.78643473495075,5.111418128109066,29.27771748942473,163,28.50871724552602
11508,5272,笙科,TPEx,M23G 半導體,57.68746208763007,-0.5093178673418318,29.27771748942473,163,28.409744598205336
11508,3296,勝德,TWSE,M23D 電子零組件,53.38669997638869,16.75430612162076,25.08933578159188,195,28.29736419479681
11508,7767,仁大資訊,TPEx,M23X 資訊服務,48.29839876756454,-11.357801919785699,20.16137918832383,73,28.13701957924071
11508,3056,富華新,TWSE,M25A 建設,50.1873823746011,44.853602714860706,22.16517290505406,74,28.02220946954704
11508,3357,臺慶科,TPEx,M23D 電子零組件,53.06726585348456,-6.902961005154786,25.08933578159188,195,27.977930071892676
11508,2605,新興,TWSE,M26A 海運,58.75071504262123,6.044078803127904,31.062250846303606,12,27.688464196317625
11508,1220,台榮,TWSE,M12B 油脂飼料,28.831968382604725,29.29083574064727,1.2417645099363464,12,27.59020387266838
11508,7721,微程式,TWSE,M23X 資訊服務,47.598417781126386,-12.333583723569179,20.16137918832383,73,27.437038592802555
11508,1323,永裕,TWSE,M13A 石化,34.077133777524274,12.869489969290516,6.645585813622416,30,27.431547963901856
11508,8489,三貝德,TPEx,M99Z 其他,32.55905947878922,2.331205911991938,5.206317955870409,27,27.352741522918812
11508,9929,秋雨,TWSE,M99C 印刷,29.17786760013151,-1.4517985186933813,1.8295725396450813,6,27.34829506048643
11508,1617,榮星,TWSE,M16 電纜,46.89181921320923,-10.86349581449419,19.598369292655352,11,27.29344992055388
11508,5009,榮剛,TPEx,M20A 基本金屬,38.89802366444208,-2.928502996278648,11.847793061266259,53,27.05023060317582
11508,4127,天良,TPEx,M17C 藥,40.834747724116646,-7.045624278633987,13.935210320845938,75,26.899537403270706
11508,6642,富致,TPEx,M23D 電子零組件,51.855473297015415,-8.989688995549105,25.08933578159188,195,26.766137515423534
11508,2327,國巨*,TWSE,M23D 電子零組件,51.799610560411935,1.2460830535233982,25.08933578159188,195,26.710274778820054
11508,4551,智伸科,TWSE,M15D 汽車組件,33.50029974022514,-2.807880638704648,6.816747433041865,54,26.683552307183273
11508,2949,欣新網,TPEx,M23E 數位雲端,38.44446381748805,16.06666316846824,11.881400723492241,20,26.563063093995808
11508,6667,信紘科,TPEx,M23H 電子設備,69.05867516933641,77.34740875274588,42.51717000649329,84,26.541505162843123
11508,1597,直得,TWSE,M15A 機械,45.23253530040811,-2.5559175604934654,18.699479537392047,44,26.533055763016062
11508,8103,瀚荃,TWSE,M23D 電子零組件,51.59721699887176,1.9303955110844757,25.08933578159188,195,26.507881217279877
11508,6028,公勝保經,TPEx,M28N 保險經紀,46.18760930983452,1.2505532562527664,19.792503202132757,2,26.395106107701764
11508,5902,德記,TPEx,M29B 貿易,20.915794625329248,2.2549293154761907,-5.434177906512505,7,26.349972531841754
11508,6206,飛捷,TWSE,M23A 電腦及週邊,62.175214994119465,2.603429138352909,35.82690162998942,65,26.348313364130043
11508,4540,全球傳動,TWSE,M15A 機械,45.043492645538386,3.1024007839294465,18.699479537392047,44,26.34401310814634
11508,8415,大國鋼,TPEx,M20A 基本金屬,38.11325061376153,-2.4197044704470447,11.847793061266259,53,26.26545755249527
11508,7716,昱臺國際,TPEx,M26C 貨運倉儲,34.02541004199117,5.245333358384924,7.804528243900269,15,26.220881798090904
11508,7712,博盛半導體,TPEx,M23G 半導體,55.49841915906531,1.772579427137531,29.27771748942473,163,26.220701669640576
11508,6762,達亞,TPEx,M17G 醫療耗材,35.474214631388136,0.7332846950005565,9.322370286362348,57,26.151844345025786
11508,2428,興勤,TWSE,M23D 電子零組件,51.21457814625632,-3.721571118932976,25.08933578159188,195,26.12524236466444
11508,2472,立隆電,TWSE,M23D 電子零組件,51.18935687397397,-1.301540656012038,25.08933578159188,195,26.10002109238209
11508,2365,昆盈,TWSE,M23C 光電及I/O,35.948240013698296,-0.0053976250449802084,9.849321993850566,130,26.09891801984773
11508,6728,上洋,TPEx,M15C 家電製品,37.295861620465196,7.753694393299052,11.219507352700457,22,26.07635426776474
11508,3555,博士旺,TPEx,M23X 資訊服務,46.14592435401323,-40.587138271824216,20.16137918832383,73,25.9845451656894
11508,6234,高僑,TPEx,M23H 電子設備,68.3996984746364,24.92393217216822,42.51717000649329,84,25.882528468143107
11508,1416,廣豐,TWSE,M23X 資訊服務,45.99375650364204,0.7020613238229818,20.16137918832383,73,25.832377315318208
11508,3230,錦明,TPEx,M23D 電子零組件,50.86653881667732,2.031944277651015,25.08933578159188,195,25.77720303508544
11508,3646,艾恩特,TPEx,M23D 電子零組件,50.80557194714161,6.78154952582332,25.08933578159188,195,25.716236165549727
11508,5607,遠雄港,TWSE,M26C 貨運倉儲,33.496752221260934,-5.601875319237365,7.804528243900269,15,25.692223977360666
11508,2477,美隆電,TWSE,M23U 消費性電子,27.950818777888088,16.26522944541192,2.398733541059403,27,25.552085236828685
11508,4572,駐龍,TWSE,M22B 機車船製造,48.85107594824057,40.43728694016692,23.571776912366506,11,25.279299035874065
11508,1802,台玻,TWSE,M18 玻璃陶瓷,32.59146823861491,0.2357161348229062,7.346100003793483,6,25.245368234821427
11508,2609,陽明,TWSE,M26A 海運,56.170783181394626,3.7214686547250384,31.062250846303606,12,25.10853233509102
11508,1326,台化,TWSE,M13A 石化,31.695431346947952,-2.2669863987020697,6.645585813622416,30,25.049845533325538
11508,6655,科定,TWSE,M99Z 其他,30.185411296522407,-6.22161848731831,5.206317955870409,27,24.979093340652
11508,6155,鈞寶,TWSE,M23D 電子零組件,50.04599448066232,16.197172192712124,25.08933578159188,195,24.95665869907044
11508,7772,耀穎,TPEx,M23G 半導體,54.2007874015748,35.053963656425644,29.27771748942473,163,24.92306991215007
11508,3044,健鼎,TWSE,M23B 印刷電路板,65.47995924001005,4.097822462615335,40.582840603580124,66,24.897118636429923
11508,2108,南帝,TWSE,M21C 橡膠原料,41.8298987938219,1.7745435727632901,16.964632724446172,5,24.865266069375725
11508,8040,九暘,TPEx,M23G 半導體,54.12023955501057,3.383122533884869,29.27771748942473,163,24.84252206558584
11508,8923,時報,TPEx,M99F 平媒電子報,27.1198980640388,-7.142857142857143,2.341043559382584,2,24.778854504656216
11508,6418,詠昇,TPEx,M23D 電子零組件,49.7865990629613,-3.6395916555703507,25.08933578159188,195,24.69726328136942
11508,1590,亞德客-KY,TWSE,M15A 機械,43.32524872352335,-7.1785635512373815,18.699479537392047,44,24.625769186131304
11508,3686,達能,TWSE,M23C 光電及I/O,34.30896630496859,18.32704402515723,9.849321993850566,130,24.459644311118026
11508,3029,零壹,TWSE,M23X 資訊服務,44.443850807787626,7.57502757550259,20.16137918832383,73,24.282471619463795
11508,1256,鮮活果汁-KY,TWSE,M12C 飲料乳品,25.546216536255777,4.774330645851466,1.3080196339671886,7,24.23819690228859
11508,7780,大研生醫*,TWSE,M17C 藥,38.13824433502897,2.981079272373304,13.935210320845938,75,24.203034014183032
11508,5703,亞都麗緻,TPEx,M27A 餐飲飯店,28.094970775682725,38.47499375290044,4.04536424457842,40,24.049606531104306
11508,2330,台積電,TWSE,M23G 半導體,53.320053714712955,10.099818994181083,29.27771748942473,163,24.042336225288224
11508,1711,永光,TWSE,M17B 染料及顏料,33.157168626164825,-4.396573347461748,9.254815718380485,6,23.90235290778434
11508,1781,合世,TPEx,M17G 醫療耗材,33.16265886440523,38.06047966631908,9.322370286362348,57,23.84028857804288
11508,2049,上銀,TWSE,M15A 機械,42.300945967107126,0.9836495943163266,18.699479537392047,44,23.601466429715078
11508,5905,南仁湖,TPEx,M27B 觀光遊樂區,18.030107259056308,-9.423886748499239,-5.361117507099547,3,23.391224766155855
11508,1402,遠東新,TWSE,M14A 人纖,15.195638379471621,-2.2860416646070982,-8.157545288115324,14,23.353183667586947
11508,6415,矽力*-KY,TWSE,M23G 半導體,52.53892158873933,2.5369954638471888,29.27771748942473,163,23.261204099314597
11508,6922,宸曜,TPEx,M23A 電腦及週邊,58.97520147679955,-6.0346684463465365,35.82690162998942,65,23.148299846810126
11508,5321,美而快,TPEx,M23E 數位雲端,34.91961414790997,108.89643023372277,11.881400723492241,20,23.038213424417727
11508,6279,胡連,TPEx,M15D 汽車組件,29.816930407984422,-0.1225482661879497,6.816747433041865,54,23.000182974942557
11508,4104,佳醫,TWSE,M17G 醫療耗材,32.2453706621182,11.961354329439047,9.322370286362348,57,22.923000375755848
11508,3466,德晉,TPEx,M23K 通信網路,49.72630365888793,22.378335949764523,26.817191653679874,74,22.909112005208055
11508,2061,風青,TPEx,M16 電纜,42.421351396474826,-5.2783528049428545,19.598369292655352,11,22.822982103819474
11508,8931,大汽電,TPEx,M99D 公用事業,38.158404508232806,3.112975990589441,15.499684873151953,15,22.658719635080853
11508,6142,友勁,TWSE,M23K 通信網路,49.47108414326371,33.80842792162141,26.817191653679874,74,22.653892489583836
11508,2444,兆勁,TWSE,M23K 通信網路,49.281115246027525,55.00177868279339,26.817191653679874,74,22.46392359234765
11508,2236,百達-KY,TWSE,M15D 汽車組件,29.236208348757234,-2.7252830676293387,6.816747433041865,54,22.41946091571537
11508,4714,永捷,TPEx,M17F 樹脂,42.9489518561269,28.435892117570706,20.56055139970624,16,22.388400456420655
11508,6870,騰雲,TPEx,M23E 數位雲端,34.13756613756614,5.25325214503183,11.881400723492241,20,22.256165414073898
11508,9962,有益,TPEx,M20A 基本金屬,34.06589761239333,-13.942581541557315,11.847793061266259,53,22.21810455112707
11508,2646,星宇航空,TWSE,M26D 空運,47.787823252625145,-2.620261357590416,26.06987060312211,4,21.717952649503037
11508,3033,威健,TWSE,M23T 電子通路,56.83746008784256,-14.145570184596256,35.1919397058577,57,21.64552038198486
11508,6944,兆聯實業,TWSE,M99L 資源回收,37.21291990021215,10.36985856681334,15.567574908502475,28,21.645344991709674
11508,6605,帝寶,TWSE,M15D 汽車組件,28.251422830345653,3.113006174514663,6.816747433041865,54,21.43467539730379
11508,6662,樂斯科,TPEx,M17H 生物科技,32.83032023507147,12.157275021026072,11.542346291878882,11,21.287973943192586
11508,1336,台翰,TPEx,M23D 電子零組件,46.14113277623027,-2.94386068768191,25.08933578159188,195,21.05179699463839
11508,2486,一詮,TWSE,M23D 電子零組件,46.069210459555194,5.069789698213286,25.08933578159188,195,20.979874677963313
11508,2736,富野,TPEx,M27A 餐飲飯店,24.93730451689256,-0.8430986671437517,4.04536424457842,40,20.89194027231414
11508,2515,中工,TWSE,M25B 營造,28.83948243046841,13.272333841339274,7.954559176920941,17,20.88492325354747
11508,4961,天鈺,TWSE,M23G 半導體,50.151362691195914,7.2526415686091115,29.27771748942473,163,20.873645201771183
11508,5291,邑昇,TPEx,M23B 印刷電路板,61.4139456123347,-21.82095817753101,40.582840603580124,66,20.831105008754577
11508,5426,振發,TPEx,M23D 電子零組件,45.86523851789448,-13.800568078268562,25.08933578159188,195,20.7759027363026
11508,4534,慶騰,TPEx,M15A 機械,39.43849476362345,-19.0683059170988,18.699479537392047,44,20.739015226231405
11508,5309,系統電,TPEx,M15D 汽車組件,27.55214093238423,2.6776002532780385,6.816747433041865,54,20.735393499342365
11508,2316,楠梓電,TWSE,M23B 印刷電路板,61.188907858085834,-8.595757189750625,40.582840603580124,66,20.60606725450571
11508,1742,台蠟,TPEx,M17Z 其他化學,52.506194015627976,119.05283328770874,31.91683473311466,18,20.589359282513318
11508,6451,訊芯-KY,TWSE,M23G 半導體,49.80825821371576,-10.973466131356805,29.27771748942473,163,20.53054072429103
11508,3467,台灣精材,TPEx,M23G 半導體,49.80566242478051,10.57567681710283,29.27771748942473,163,20.527944935355777
11508,4142,國光生,TWSE,M17C 藥,34.461213111602426,-68.23126713495449,13.935210320845938,75,20.526002790756486
11508,4543,萬在,TPEx,M15D 汽車組件,27.32165183829525,-3.3028280465148283,6.816747433041865,54,20.504904405253384
11508,2492,華新科,TWSE,M23D 電子零組件,45.54208446583508,2.8056594288635734,25.08933578159188,195,20.4527486842432
11508,4510,高鋒,TPEx,M15A 機械,39.02554124497234,2.943848614359057,18.699479537392047,44,20.32606170758029
11508,4930,燦星網,TWSE,M15C 家電製品,31.426416017616116,21.952853034660208,11.219507352700457,22,20.20690866491566
11508,2440,太空梭,TWSE,M23D 電子零組件,45.294396363447916,-1.2193219110511586,25.08933578159188,195,20.205060581856035
11508,4580,捷流閥業,TPEx,M15Z 其他電製品,19.69746240706893,4.055680926455751,-0.5053297359458623,9,20.202792143014793
11508,6499,益安,TPEx,M17G 醫療耗材,29.515223677496174,-10.260701489722798,9.322370286362348,57,20.192853391133823
11508,5244,弘凱,TWSE,M23C 光電及I/O,29.767265687471067,2.933256181425678,9.849321993850566,130,19.9179436936205
11508,1465,偉全,TWSE,M14C 成衣,24.993393234672304,-40.53620819713352,5.367630831359371,28,19.625762403312933
11508,2102,泰豐,TWSE,M21A 輪胎,29.991976157725812,2.226529048541939,10.485149594280998,5,19.506826563444815
11508,5438,東友,TPEx,M23C 光電及I/O,29.325102257233752,6.869679519278918,9.849321993850566,130,19.475780263383186
11508,4207,環泰,TPEx,M12Z 其他食品,23.637627140059383,-9.140121415160738,4.239960790308601,10,19.397666349750782
11508,8043,蜜望實,TPEx,M23T 電子通路,54.47881138042136,-18.454525903895682,35.1919397058577,57,19.286871674563663
11508,3158,嘉實,TPEx,M23X 資訊服務,39.40383572698501,4.1114595398856775,20.16137918832383,73,19.242456538661177
11508,4556,旭然,TPEx,M15Z 其他電製品,18.729275661336676,-24.209177073778783,-0.5053297359458623,9,19.23460539728254
11508,8358,金居,TPEx,M23B 印刷電路板,59.709504167221084,4.719008887179223,40.582840603580124,66,19.12666356364096
11508,1101,台泥,TWSE,M11A 水泥製造,10.649053245020621,-1.6630332295967223,-8.360217578971142,8,19.009270823991763
11508,4430,耀億,TPEx,M14Z 其他紡織,31.70148679825686,0.011679798328815522,12.75986290062482,5,18.94162389763204
11508,1475,業旺,TWSE,M14C 成衣,24.282605152395472,1.783176425324089,5.367630831359371,28,18.9149743210361
11508,3306,鼎天,TPEx,M23K 通信網路,45.50208386873303,18.236709492895084,26.817191653679874,74,18.684892215053157
11508,6741,91APP*-KY,TPEx,M23E 數位雲端,30.42489440814411,-2.087308125921429,11.881400723492241,20,18.543493684651867
11508,2478,大毅,TWSE,M23D 電子零組件,43.63220372254852,-3.6796225655675814,25.08933578159188,195,18.542867940956636
11508,2009,第一銅,TWSE,M20A 基本金屬,30.27456286347964,-2.0111195598435283,11.847793061266259,53,18.426769802213382
11508,6185,幃翔,TPEx,M23D 電子零組件,43.443711751031834,-7.409051935325821,25.08933578159188,195,18.354375969439953
11508,5388,中磊,TWSE,M23K 通信網路,45.05455923264947,-11.724681636778826,26.817191653679874,74,18.237367578969593
11508,2467,志聖,TWSE,M23H 電子設備,60.72584163286522,-25.841726544760608,42.51717000649329,84,18.20867162637193
11508,4588,玖鼎電力,TWSE,M15B 電機製品,28.731210721679794,-27.02182775312346,10.714814018047969,14,18.016396703631827
11508,2062,橋椿,TWSE,M99B 五金及家具,22.200003570854683,9.103420181016313,4.203265064610972,17,17.996738506243712
11508,3031,佰鴻,TWSE,M23C 光電及I/O,27.820762534032088,-3.7914807105077717,9.849321993850566,130,17.971440540181522
11508,6645,金萬林-創,TWSE,M17G 醫療耗材,26.983461278970115,10.277280717034316,9.322370286362348,57,17.661090992607768
11508,5014,建錩,TPEx,M20A 基本金屬,29.42603221159614,-7.307012410186279,11.847793061266259,53,17.578239150329882
11508,2603,長榮,TWSE,M26A 海運,48.63589929629481,1.8856363783847867,31.062250846303606,12,17.573648449991204
11508,1710,東聯,TWSE,M13A 石化,23.96862268267556,6.224372551154888,6.645585813622416,30,17.32303686905314
11508,4943,康控-KY,TWSE,M23D 電子零組件,42.405142677955475,-11.117852564416218,25.08933578159188,195,17.315806896363593
11508,3264,欣銓,TPEx,M23G 半導體,46.57297818291717,1.573428156762056,29.27771748942473,163,17.295260693492438
11508,3057,喬鼎,TWSE,M23C 光電及I/O,26.93616629874908,-23.794141196609516,9.849321993850566,130,17.086844304898513
11508,8432,東生華,TPEx,M17C 藥,30.880162775575272,16.651398444510917,13.935210320845938,75,16.944952454729332
11508,2065,世豐,TPEx,M20A 基本金屬,28.712231073946427,-14.621531696225937,11.847793061266259,53,16.864438012680168
11508,4527,方方土霖,TPEx,M15C 家電製品,27.935306648727437,-19.13977656442109,11.219507352700457,22,16.71579929602698
11508,8374,羅昇,TWSE,M15A 機械,35.40504399226622,-7.715572205054577,18.699479537392047,44,16.705564454874175
11508,6753,龍德造船,TWSE,M22B 機車船製造,40.14039583596839,-1.8243563418101405,23.571776912366506,11,16.568618923601885
11508,2404,漢唐,TWSE,M23H 電子設備,59.050412994601615,-5.559907124229588,42.51717000649329,84,16.533242988108327
11508,3711,日月光投控,TWSE,M23G 半導體,45.65918579706578,11.470924994667861,29.27771748942473,163,16.38146830764105
11508,1762,中化生,TWSE,M17C 藥,30.300090401957974,-34.16845834215246,13.935210320845938,75,16.364880081112034
11508,1457,宜進,TWSE,M14A 人纖,8.189681328273421,-3.0116120933152004,-8.157545288115324,14,16.347226616388745
11508,4991,環宇-KY,TPEx,M23G 半導體,45.61718147039716,80.31296838689273,29.27771748942473,163,16.339463980972432
11508,2317,鴻海,TWSE,M23A 電腦及週邊,51.978131522564816,-2.6144946713083335,35.82690162998942,65,16.151229892575394
11508,6921,嘉雨思-創,TWSE,M23G 半導體,45.3128717582679,10.763511062749366,29.27771748942473,163,16.035154268843172
11508,2476,鉅祥,TWSE,M23D 電子零組件,41.04273473844109,-2.0339486010678747,25.08933578159188,195,15.95339895684921
11508,1268,漢來美食,TPEx,M27A 餐飲飯店,19.991830825288854,7.617812678521232,4.04536424457842,40,15.946466580710435
11508,1721,國慶科技,TWSE,M17F 樹脂,36.46642201540179,69.98379611106665,20.56055139970624,16,15.905870615695548
11508,9945,潤泰新,TWSE,M25A 建設,37.99192959753171,4.289556910092957,22.16517290505406,74,15.826756692477648
11508,1213,大飲,TWSE,M12C 飲料乳品,17.12312734082397,22.954999232068808,1.3080196339671886,7,15.815107706856782
11508,3037,欣興,TWSE,M23B 印刷電路板,56.25723917867715,9.178757960449099,40.582840603580124,66,15.67439857509703
11508,4952,凌通,TWSE,M23G 半導體,44.886253910625314,-10.144320019162825,29.27771748942473,163,15.608536421200583
11508,1909,榮成,TWSE,M19A 造紙,23.173049017839748,6.290466137998159,7.607112977872289,6,15.56593603996746
11508,1904,正隆,TWSE,M19A 造紙,23.124829010579017,2.050220786862195,7.607112977872289,6,15.517716032706728
11508,8183,精星,TPEx,M23B 印刷電路板,56.06520786408064,7.451034969925701,40.582840603580124,66,15.482367260500517
11508,6666,羅麗芬-KY,TWSE,M17Y 化妝美容,15.88869715271786,-14.854884890490126,0.4069472833029337,8,15.481749869414926
11508,8210,勤誠,TWSE,M23D 電子零組件,40.54388607233624,-0.21589570726556473,25.08933578159188,195,15.454550290744361
11508,2357,華碩,TWSE,M23A 電腦及週邊,51.16688342643828,12.866443188877227,35.82690162998942,65,15.33998179644886
11508,6796,晉弘,TWSE,M17G 醫療耗材,24.58437876098974,-29.411832691885394,9.322370286362348,57,15.262008474627391
11508,1609,大亞,TWSE,M16 電纜,34.835392935879575,16.628672431878815,19.598369292655352,11,15.237023643224223
11508,4441,振大環球,TWSE,M14C 成衣,20.55878866014236,-18.97576034828026,5.367630831359371,28,15.191157828782988
11508,1785,光洋科,TPEx,M99L 資源回收,30.70899895422589,-14.166459486604003,15.567574908502475,28,15.141424045723415
11508,3048,益登,TWSE,M23T 電子通路,50.313337513386344,-1.4627512334970527,35.1919397058577,57,15.121397807528645
11508,1723,中碳,TWSE,M17Z 其他化學,46.94023231657283,-9.325233639388982,31.91683473311466,18,15.023397583458173
11508,2034,允強,TWSE,M20A 基本金屬,26.75100905606621,-6.173616249514467,11.847793061266259,53,14.90321599479995
11508,2816,旺旺保,TWSE,M28J 產險,19.607460995942436,60.134034240333676,4.706880588210361,5,14.900580407732075
11508,2454,聯發科,TWSE,M23G 半導體,44.0812520934518,32.40526804267691,29.27771748942473,163,14.803534604027071
11508,9950,萬國通,TPEx,M99K 鞋及旅行箱,19.07535101050196,29.649615657703826,4.325261712464019,11,14.750089298037942
11508,6264,富裔,TPEx,M25A 建設,36.89538807649044,-1.7756255044390639,22.16517290505406,74,14.730215171436381
11508,3594,磐儀,TPEx,M23A 電腦及週邊,50.512183676505934,2.356063731251508,35.82690162998942,65,14.685282046516512
11508,3511,矽瑪,TPEx,M23D 電子零組件,39.75773751475646,-13.521668016451494,25.08933578159188,195,14.668401733164576
11508,3232,昱捷,TPEx,M23T 電子通路,49.79298122316777,5.45654021146379,35.1919397058577,57,14.601041517310072
11508,6156,松上,TPEx,M23B 印刷電路板,55.156406419875346,-6.649212625197936,40.582840603580124,66,14.573565816295222
11508,4439,冠星-KY,TWSE,M14C 成衣,19.93047075162225,-1.5157566678423386,5.367630831359371,28,14.562839920262878
11508,3152,璟德,TPEx,M23D 電子零組件,39.634819609145666,6.966812911744076,25.08933578159188,195,14.545483827553785
11508,6669,緯穎,TWSE,M23A 電腦及週邊,50.35813251850269,22.62493783220418,35.82690162998942,65,14.53123088851327
11508,3625,西勝,TPEx,M23D 電子零組件,39.61685188256759,40.604120267260576,25.08933578159188,195,14.527516100975706
11508,2233,宇隆,TWSE,M15D 汽車組件,21.271502983479063,0.9856077855567141,6.816747433041865,54,14.454755550437199
11508,6202,盛群,TWSE,M23G 半導體,43.72792046000946,-1.0332099282280285,29.27771748942473,163,14.450202970584726
11508,3224,三顧,TPEx,M23T 電子通路,49.59243290659472,-9.355036054196628,35.1919397058577,57,14.400493200737024
11508,6548,長科*,TPEx,M23G 半導體,43.657297439383484,6.099515363535204,29.27771748942473,163,14.379579949958753
11508,6147,頎邦,TPEx,M23G 半導體,43.611890927650016,3.8456339470856182,29.27771748942473,163,14.334173438225285
11508,6129,普誠,TPEx,M23G 半導體,43.60034223363001,3.8816143786121358,29.27771748942473,163,14.322624744205278
11508,6270,倍微,TPEx,M23T 電子通路,49.478564254877604,-18.347416863836095,35.1919397058577,57,14.286624549019905
11508,4735,豪展,TPEx,M17G 醫療耗材,23.55578715204983,-11.15710040867542,9.322370286362348,57,14.233416865687483
11508,6830,汎銓,TWSE,M23Z 其他電子,31.952610475141796,5.5243799610385835,17.780449485962418,13,14.172160989179378
11508,6931,青松健康,TWSE,M17X 醫藥通路,19.001603466035192,-0.290945974802477,4.846028276568076,11,14.155575189467115
11508,2801,彰銀,TWSE,M28A 本國銀行,21.134188454548564,-3.7911181427636205,7.060368875130942,9,14.073819579417622
11508,6829,千附精密,TPEx,M23H 電子設備,56.51918491470172,35.02496708319877,42.51717000649329,84,14.00201490820843
11508,4560,強信-KY,TWSE,M15A 機械,32.48550332604372,2.1610886528156437,18.699479537392047,44,13.786023788651672
11508,3526,凡甲,TPEx,M23D 電子零組件,38.839955677269295,3.4056663626630717,25.08933578159188,195,13.750619895677413
11508,9927,泰銘,TWSE,M20A 基本金屬,25.592953558993276,-20.84011836774369,11.847793061266259,53,13.745160497727017
11508,2489,瑞軒,TWSE,M23C 光電及I/O,23.58564530251907,1.293526532271822,9.849321993850566,130,13.736323308668503
11508,4581,光隆精密-KY,TWSE,M15D 汽車組件,20.547519744431625,9.87584421887006,6.816747433041865,54,13.73077231138976
11508,3557,嘉威,TWSE,M99B 五金及家具,17.898725611819106,24.148873001923853,4.203265064610972,17,13.695460547208135
11508,6510,精測,TPEx,M23B 印刷電路板,54.27157903895514,3.8569424964936885,40.582840603580124,66,13.688738435375015
11508,8042,金山電,TPEx,M23D 電子零組件,38.75206530687438,10.321443692997814,25.08933578159188,195,13.662729525282497
11508,8464,億豐,TWSE,M99B 五金及家具,17.761139033659997,-6.274140110256828,4.203265064610972,17,13.557873969049027
11508,3529,力旺,TPEx,M23G 半導體,42.77348437575001,-47.188750266328924,29.27771748942473,163,13.495766886325278
11508,6282,康舒,TWSE,M23D 電子零組件,38.4733395585149,13.649726786672975,25.08933578159188,195,13.38400377692302
11508,5278,尚凡*,TPEx,M23E 數位雲端,25.25345354641489,3.526937776853821,11.881400723492241,20,13.372052822922647
11508,3285,微端,TPEx,M23C 光電及I/O,23.177199361858086,-18.161417849162543,9.849321993850566,130,13.32787736800752
11508,2906,高林,TWSE,M29B 貿易,7.888725250488645,-4.371456898085771,-5.434177906512505,7,13.32290315700115
11508,1533,車王電,TWSE,M15D 汽車組件,20.05739337965538,19.12577791826223,6.816747433041865,54,13.240645946613515
11508,5356,協益,TPEx,M13B 塑膠製品,33.858438451874925,-9.60270365127733,20.708674735043566,8,13.149763716831359
11508,7402,邑錡,TPEx,M23U 消費性電子,15.53065319834953,3.4755038571832464,2.398733541059403,27,13.131919657290126
11508,8227,巨有科技,TPEx,M23G 半導體,42.2487983737675,14.197799180984191,29.27771748942473,163,12.971080884342769
11508,3019,亞光,TWSE,M23U 消費性電子,15.288008714183615,15.265439559415158,2.398733541059403,27,12.889275173124211
11508,2441,超豐,TWSE,M23G 半導體,41.984305244372294,2.25005717854771,29.27771748942473,163,12.706587754947563
11508,1773,勝一,TWSE,M17Z 其他化學,44.621686203410505,3.609811720552717,31.91683473311466,18,12.704851470295846
11508,1598,岱宇,TWSE,M15C 家電製品,23.842838104403427,3.0416792433846465,11.219507352700457,22,12.62333075170297
11508,8938,明安,TPEx,M99Z 其他,17.803539394051842,-7.081908375232208,5.206317955870409,27,12.597221438181434
11508,2506,太設,TWSE,M25A 建設,34.73091364205256,3.6962779601026,22.16517290505406,74,12.565740736998503
11508,2375,凱美,TWSE,M23D 電子零組件,37.591888359720436,5.277616304815151,25.08933578159188,195,12.502552578128554
11508,2397,友通,TWSE,M23A 電腦及週邊,48.01251619760783,-3.5428983260328817,35.82690162998942,65,12.185614567618408
11508,1210,大成,TWSE,M12B 油脂飼料,13.42129336519994,0.673865338764203,1.2417645099363464,12,12.179528855263595
11508,4426,利勤,TWSE,M14C 成衣,17.51422984468607,4.149373013069587,5.367630831359371,28,12.1465990133267
11508,8234,新漢,TPEx,M23A 電腦及週邊,47.955524192963715,-18.574569190808873,35.82690162998942,65,12.128622562974293
11508,6955,邦睿生技-創,TWSE,M17G 醫療耗材,21.395550989766488,16.51118695487296,9.322370286362348,57,12.07318070340414
11508,4530,天意能創,TPEx,M27A 餐飲飯店,16.087020324308458,-2.6758527358287454,4.04536424457842,40,12.04165607973004
11508,1437,勤益控,TWSE,M25F 物業管理,15.72187265485193,-25.46245514882225,3.6906310135981966,4,12.031241641253734
11508,2340,台亞,TWSE,M23C 光電及I/O,21.873683020341876,20.28400343908433,9.849321993850566,130,12.02436102649131
11508,6166,凌華,TWSE,M23A 電腦及週邊,47.83425710381272,7.156241522099848,35.82690162998942,65,12.007355473823296
11508,3564,其陽,TPEx,M23A 電腦及週邊,47.823181419807185,-8.831518067079267,35.82690162998942,65,11.996279789817763
11508,6151,晉倫,TPEx,M13A 石化,18.586018598204152,0.20787211038459558,6.645585813622416,30,11.940432784581736
11508,4108,懷特,TWSE,M17C 藥,25.833995234312948,6.5668880854284035,13.935210320845938,75,11.89878491346701
11508,6952,大武山,TWSE,M99Z 其他,17.09540412723407,7.731349167241549,5.206317955870409,27,11.88908617136366
11508,2849,安泰銀,TWSE,M28A 本國銀行,18.897849055215733,0.6943121014439639,7.060368875130942,9,11.83748018008479
11508,6680,鑫創電子,TPEx,M23A 電腦及週邊,47.61081911344709,64.96352322712156,35.82690162998942,65,11.783917483457671
11508,4746,台耀,TWSE,M17C 藥,25.693381255304576,18.631726170085077,13.935210320845938,75,11.758170934458638
11508,2401,凌陽,TWSE,M23G 半導體,40.953094977651595,-7.739112013322214,29.27771748942473,163,11.675377488226864
11508,2485,兆赫,TWSE,M23K 通信網路,38.4113202729034,-20.02450618749158,26.817191653679874,74,11.594128619223529
11508,8462,柏文,TWSE,M99Z 其他,16.74722999094014,-0.5647515173203779,5.206317955870409,27,11.540912035069733
11508,5013,強新,TPEx,M20A 基本金屬,23.34832405596745,-5.31197089383618,11.847793061266259,53,11.50053099470119
11508,1736,喬山,TWSE,M15C 家電製品,22.657167851484374,5.671153526224484,11.219507352700457,22,11.437660498783917
11508,6224,聚鼎,TWSE,M23D 電子零組件,36.500738015273704,0.3500693533624586,25.08933578159188,195,11.411402233681823
11508,4972,湯石照明,TPEx,M15C 家電製品,22.617282392655458,-11.641071692451092,11.219507352700457,22,11.397775039955
11508,2732,六角,TPEx,M27A 餐飲飯店,15.261448373667596,7.127591724384867,4.04536424457842,40,11.216084129089175
11508,5347,世界,TPEx,M23G 半導體,40.47646040957919,8.22141639476365,29.27771748942473,163,11.198742920154459
11508,2755,揚秦,TPEx,M27A 餐飲飯店,15.218659758948382,-0.38109805080878906,4.04536424457842,40,11.173295514369961
11508,3666,光耀,TPEx,M23C 光電及I/O,21.000969461948618,35.513860143181894,9.849321993850566,130,11.151647468098052
11508,6558,興能高,TWSE,M23D 電子零組件,35.96004439511654,85.8847704101794,25.08933578159188,195,10.87070861352466
11508,4976,佳凌,TWSE,M23U 消費性電子,13.2611068164249,2.738906705990327,2.398733541059403,27,10.862373275365497
11508,1626,艾美特-KY,TWSE,M15C 家電製品,22.031077661714136,-44.03994543428684,11.219507352700457,22,10.811570309013678
11508,3356,奇偶,TWSE,M23C 光電及I/O,20.631758288564324,-15.19656138317396,9.849321993850566,130,10.782436294713758
11508,2608,嘉里大榮,TWSE,M26C 貨運倉儲,18.555452003727865,40.18761171363679,7.804528243900269,15,10.750923759827597
11508,1593,祺驊,TPEx,M15C 家電製品,21.90596022288717,-5.810125237935739,11.219507352700457,22,10.686452870186713
11508,4979,華星光,TPEx,M23K 通信網路,37.44891612802506,7.289834249582823,26.817191653679874,74,10.631724474345187
11508,5230,雷笛克光學,TPEx,M23C 光電及I/O,20.423527300462112,3.2163292930535903,9.849321993850566,130,10.574205306611546
11508,4915,致伸,TWSE,M23C 光電及I/O,20.37763660684673,4.59806262039478,9.849321993850566,130,10.528314612996162
11508,4563,百德,TPEx,M15A 機械,29.211772665764546,51.130895231445116,18.699479537392047,44,10.512293128372498
11508,3588,通嘉,TWSE,M23G 半導體,39.76175548589342,1.6229029905178702,29.27771748942473,163,10.484037996468686
11508,2497,怡利電,TWSE,M15D 汽車組件,17.290264824367657,-10.226677050727133,6.816747433041865,54,10.473517391325792
11508,2640,大車隊,TPEx,M26B 陸運,19.243006734772905,2.151839425993755,8.835378430947415,2,10.40762830382549
11508,3541,西柏,TPEx,M23C 光電及I/O,20.254520950476675,0.1720790275234423,9.849321993850566,130,10.405198956626108
11508,6743,安普新,TWSE,M23U 消費性電子,12.676489606810348,-9.32106624631179,2.398733541059403,27,10.277756065750944
11508,2323,中環,TWSE,M23C 光電及I/O,20.092584605652835,10.118052475348868,9.849321993850566,130,10.243262611802269
11508,4532,瑞智,TWSE,M15C 家電製品,21.406128629300962,-10.317765818139957,11.219507352700457,22,10.186621276600505
11508,2070,精湛,TPEx,M15H 儀器設備,15.818520081922362,-30.281955241017148,5.66321072986094,5,10.155309352061423
11508,4749,新應材,TPEx,M17Z 其他化學,41.953207096504144,16.86012467740264,31.91683473311466,18,10.036372363389486
11508,3558,神準,TPEx,M23K 通信網路,36.80402071943234,23.76508531968961,26.817191653679874,74,9.986829065752463
11508,4414,如興,TWSE,M14C 成衣,15.254163430311852,-3.6668956373105,5.367630831359371,28,9.886532598952481
11508,2308,台達電,TWSE,M23D 電子零組件,34.94854905033159,-3.708102933285179,25.08933578159188,195,9.859213268739712
11508,5880,合庫金,TWSE,M28L 金融控股,23.602041097562417,-10.431685927698695,13.898753138784288,13,9.703287958778128
11508,6712,長聖,TPEx,M17H 生物科技,21.10407899532788,10.475883402017189,11.542346291878882,11,9.561732703448996
11508,6491,晶碩,TWSE,M17G 醫療耗材,18.878799016501482,0.6425774989236727,9.322370286362348,57,9.556428730139134
11508,2207,和泰車,TWSE,M22X 汽車買賣,10.569250109144406,-10.786679665996097,1.0386838720487765,4,9.530566237095629
11508,2483,百容,TWSE,M23D 電子零組件,34.58750456181528,-6.500827703458458,25.08933578159188,195,9.498168780223398
11508,3149,正達,TWSE,M23C 光電及I/O,19.271287907657133,-9.29860805997775,9.849321993850566,130,9.421965913806567
11508,4550,長佳,TPEx,M15B 電機製品,20.109098159858714,45.498619737750175,10.714814018047969,14,9.394284141810745
11508,6902,GOGOLOOK,TWSE,M23X 資訊服務,29.54663766875282,2.0392542780602483,20.16137918832383,73,9.385258480428988
11508,7584,樂意,TPEx,M23X 資訊服務,29.473992459460447,8.668892348025562,20.16137918832383,73,9.312613271136616
11508,4706,大恭,TPEx,M17B 染料及顏料,18.358184839811653,7.767724851045049,9.254815718380485,6,9.103369121431168
11508,5538,東明-KY,TWSE,M20A 基本金屬,20.917365460142236,-3.7971075688799747,11.847793061266259,53,9.069572398875977
11508,4163,鐿鈦,TPEx,M17G 醫療耗材,18.376314275252394,-14.20792335131223,9.322370286362348,57,9.053943988890046
11508,5211,蒙恬,TPEx,M23X 資訊服務,29.20749690800114,-5.860742383807576,20.16137918832383,73,9.046117719677309
11508,3066,李洲,TPEx,M23C 光電及I/O,18.89475038600103,-13.973839780291394,9.849321993850566,130,9.045428392150463
11508,4729,熒茂,TPEx,M23C 光電及I/O,18.790421688990403,-2.481427508687544,9.849321993850566,130,8.941099695139837
11508,8908,欣雄,TPEx,M99D 公用事業,24.431590380592066,15.910587894440207,15.499684873151953,15,8.931905507440113
11508,4173,久裕,TPEx,M17X 醫藥通路,13.712825608630848,16.583251805076042,4.846028276568076,11,8.86679733206277
11508,6180,橘子,TPEx,M23X 資訊服務,28.999878485419664,7.096722730674575,20.16137918832383,73,8.838499297095833
11508,2420,新巨,TWSE,M23D 電子零組件,33.83291414236113,-13.014792402084383,25.08933578159188,195,8.743578360769252
11508,1339,昭輝,TWSE,M15D 汽車組件,15.554896484680722,-0.8833048320307532,6.816747433041865,54,8.738149051638857
11508,1310,台苯,TWSE,M13A 石化,15.383177361480811,23.676891052864544,6.645585813622416,30,8.737591547858395
11508,5234,達興材料,TWSE,M23C 光電及I/O,18.52409047500687,1.2532465500516319,9.849321993850566,130,8.674768481156303
11508,6168,宏齊,TWSE,M23C 光電及I/O,18.51905389054854,7.69563821403205,9.849321993850566,130,8.669731896697975
11508,3550,聯穎,TWSE,M23D 電子零組件,33.664828743304966,-9.623262601141217,25.08933578159188,195,8.575492961713085
11508,6708,天擎,TPEx,M23G 半導體,37.738212400465244,0.8912772789828953,29.27771748942473,163,8.460494911040513
11508,8032,光菱,TPEx,M23T 電子通路,43.628246753246756,-10.793214253510504,35.1919397058577,57,8.436307047389057
11508,8049,晶采,TPEx,M23C 光電及I/O,18.283126303722774,14.732045205978855,9.849321993850566,130,8.433804309872208
11508,4167,松瑞藥,TPEx,M17C 藥,22.2998079492318,20.200859654701944,13.935210320845938,75,8.36459762838586
11508,8487,愛爾達-創,TWSE,M99H 電視廣播,4.9052735914937715,-65.8702558897142,-3.412680420161717,7,8.317954011655488
11508,8921,沈氏,TPEx,M99C 印刷,10.083730619766836,-6.005096892264012,1.8295725396450813,6,8.254158080121755
11508,3520,華盈,TPEx,M23D 電子零組件,33.33614677737569,-10.339543397136655,25.08933578159188,195,8.246810995783807
11508,4420,光明,TPEx,M14C 成衣,13.510054844606946,5.950465603822339,5.367630831359371,28,8.142424013247576
11508,3026,禾伸堂,TWSE,M23D 電子零組件,33.21856745910945,-4.0758539498992965,25.08933578159188,195,8.12923167751757
11508,5608,四維航,TWSE,M26A 海運,39.146736585822644,2.5852951328960994,31.062250846303606,12,8.084485739519039
11508,1460,宏遠,TWSE,M14C 成衣,13.444919207049988,38.781054851180016,5.367630831359371,28,8.077288375690618
11508,4107,邦特,TPEx,M17G 醫療耗材,17.356398098495962,-0.036811024642647905,9.322370286362348,57,8.034027812133614
11508,1240,茂生農經,TPEx,M12B 油脂飼料,9.195965730398004,3.7990029318257728,1.2417645099363464,12,7.954201220461658
11508,3528,安馳,TWSE,M23T 電子通路,43.13409722164448,-0.30232338668419456,35.1919397058577,57,7.942157515786782
11508,3062,建漢,TWSE,M23K 通信網路,34.73919399773812,-5.616957143409205,26.817191653679874,74,7.922002344058246
11508,4169,泰宗,TWSE,M17C 藥,21.796278158667974,0.6572663547619433,13.935210320845938,75,7.861067837822036
11508,9919,康那香,TWSE,M14F 不織布,12.168582679508416,1.211386225012642,4.360305225239183,5,7.808277454269233
11508,6174,安碁,TPEx,M23D 電子零組件,32.84435357405165,-11.310927933419915,25.08933578159188,195,7.755017792459771
11508,9949,琉園,TPEx,M18 玻璃陶瓷,15.085179627504633,39.62304562004712,7.346100003793483,6,7.7390796237111505
11508,5489,彩富,TPEx,M23C 光電及I/O,17.542593228535186,-4.884024272670561,9.849321993850566,130,7.6932712346846195
11508,1734,杏輝,TWSE,M17C 藥,21.575387983268833,9.755469210436232,13.935210320845938,75,7.640177662422895
11508,6968,萬達寵物,TPEx,M29A 百貨批發,10.452856060332696,3.3699289812541577,2.8430848467719483,24,7.609771213560748
11508,8066,來思達,TPEx,M99B 五金及家具,11.729851364309999,13.815648892034023,4.203265064610972,17,7.526586299699027
11508,2028,威致,TWSE,M20A 基本金屬,19.33300868163423,-3.9517037348511015,11.847793061266259,53,7.4852156203679705
11508,3504,揚明光,TWSE,M23C 光電及I/O,17.3297047506719,-8.957345616035528,9.849321993850566,130,7.480382756821335
11508,5904,寶雅*,TPEx,M29A 百貨批發,10.320065553492464,-0.2683930562500708,2.8430848467719483,24,7.476980706720516
11508,3374,精材,TPEx,M23G 半導體,36.740456579788635,5.58187186808132,29.27771748942473,163,7.462739090363904
11508,6417,韋僑,TPEx,M23K 通信網路,34.27285721017167,2.5349629380862138,26.817191653679874,74,7.455665556491798
11508,6023,元大期貨,TPEx,M30C 期貨,22.65645864862459,-32.92883582996306,15.22871440442401,2,7.4277442442005785
11508,3680,家登,TPEx,M23H 電子設備,49.94063231494691,-3.5849762800288407,42.51717000649329,84,7.423462308453622
11508,3023,信邦,TWSE,M23D 電子零組件,32.47027412494115,3.5803786271631632,25.08933578159188,195,7.380938343349268
11508,6569,醫揚,TPEx,M23A 電腦及週邊,43.1978153413,146.10081312644388,35.82690162998942,65,7.370913711310578
11508,1455,集盛,TWSE,M14A 人纖,-0.7954387725685732,-8.27693231087559,-8.157545288115324,14,7.362106515546751
11508,7708,全家餐飲,TPEx,M27A 餐飲飯店,11.371680887405986,7.133418870526054,4.04536424457842,40,7.326316642827567
11508,3703,欣陸,TWSE,M25B 營造,15.273080235304398,4.99235096142531,7.954559176920941,17,7.318521058383458
11508,3597,映興,TPEx,M23D 電子零組件,32.36772319737341,7.093452119453611,25.08933578159188,195,7.278387415781527
11508,2727,王品,TWSE,M27A 餐飲飯店,11.310893132346035,20.03994493305657,4.04536424457842,40,7.265528887767615
11508,6277,宏正,TWSE,M23C 光電及I/O,17.102961667309003,-0.554085779444068,9.849321993850566,130,7.253639673458437
11508,6414,樺漢,TWSE,M23A 電腦及週邊,43.05877710143918,-5.575050411194746,35.82690162998942,65,7.2318754714497615
11508,2013,中鋼構,TWSE,M20A 基本金屬,19.04007978225205,1.5964588880544366,11.847793061266259,53,7.192286720985791
11508,5340,建榮,TPEx,M23B 印刷電路板,47.7710740243099,4.366353030835971,40.582840603580124,66,7.188233420729773
11508,4912,聯德控股-KY,TWSE,M23D 電子零組件,32.22226470452108,-10.0516091938288,25.08933578159188,195,7.1329289229291994
11508,6614,資拓宏宇,TWSE,M23X 資訊服務,27.275009939109875,-0.24903653551054833,20.16137918832383,73,7.113630750786044
11508,1102,亞泥,TWSE,M11A 水泥製造,-1.2967348215780177,3.558369399160577,-8.360217578971142,8,7.063482757393124
11508,6494,九齊,TPEx,M23G 半導體,36.3323293384165,-16.575586116230813,29.27771748942473,163,7.054611848991769
11508,2832,台產,TWSE,M28J 產險,11.730491564603877,-5.8803940838687145,4.706880588210361,5,7.023610976393516
11508,2069,運錩,TWSE,M20A 基本金屬,18.856326560148588,11.291967972776106,11.847793061266259,53,7.008533498882329
11508,3556,禾瑞亞,TPEx,M23G 半導體,36.26790415420999,-21.49155505282912,29.27771748942473,163,6.990186664785256
11508,2390,云辰,TWSE,M23C 光電及I/O,16.838183465914813,-3.4048717137576796,9.849321993850566,130,6.988861472064247
11508,2726,雅茗-KY,TPEx,M27A 餐飲飯店,11.019376202622276,5.3839945629088435,4.04536424457842,40,6.974011958043856
11508,1536,和大,TWSE,M15D 汽車組件,13.73060389046961,4.62983809894181,6.816747433041865,54,6.913856457427745
11508,4555,氣立,TWSE,M15A 機械,25.53595413718325,-8.52184183330326,18.699479537392047,44,6.836474599791202
11508,3171,炎洲流通,TPEx,M13A 石化,13.468566968047435,0.6087024279343078,6.645585813622416,30,6.822981154425019
11508,3305,昇貿,TWSE,M23B 印刷電路板,47.40192209431158,-1.8612884951195725,40.582840603580124,66,6.819081490731456
11508,9942,茂順,TWSE,M15D 汽車組件,13.633347843708252,-3.6561619462877126,6.816747433041865,54,6.816600410666387
11508,8463,潤泰材,TWSE,M11A 水泥製造,-1.6081699535722858,3.694962382275624,-8.360217578971142,8,6.7520476253988555
11508,2031,新光鋼,TWSE,M20A 基本金屬,18.589170986280127,-17.963706925408268,11.847793061266259,53,6.741377925013868
11508,3360,尚立,TPEx,M23T 電子通路,41.8932027546434,-14.500943315968312,35.1919397058577,57,6.701263048785698
11508,2702,華園,TWSE,M27A 餐飲飯店,10.740173206384188,-12.865774357862794,4.04536424457842,40,6.6948089618057685
11508,4953,緯致,TPEx,M23X 資訊服務,26.644875879895306,-2.1277581432016253,20.16137918832383,73,6.4834966915714745
11508,1227,佳格,TWSE,M12Z 其他食品,10.7046320808678,26.300417527291348,4.239960790308601,10,6.464671290559199
11508,3675,德微,TPEx,M23D 電子零組件,31.505894727615374,3.0865109439899956,25.08933578159188,195,6.416558946023493
11508,6776,展碁國際,TWSE,M23T 電子通路,41.523879775203014,-6.843488127439552,35.1919397058577,57,6.331940069345315
11508,3673,TPK-KY,TWSE,M23C 光電及I/O,16.136045573102717,-0.46823020742477767,9.849321993850566,130,6.2867235792521505
11508,1308,亞聚,TWSE,M13A 石化,12.795901414759951,3.3999529556228,6.645585813622416,30,6.150315601137535
11508,1504,東元,TWSE,M15B 電機製品,16.828174514882413,-2.1815959459816305,10.714814018047969,14,6.113360496834444
11508,4164,承業醫,TWSE,M17G 醫療耗材,15.423642820903094,0.3279953694771368,9.322370286362348,57,6.101272534540746
11508,5202,力新,TPEx,M23X 資訊服務,26.115638339154057,-22.60061919504644,20.16137918832383,73,5.954259150830225
11508,3059,華晶科,TWSE,M23U 消費性電子,8.251532958610117,6.8110573171976805,2.398733541059403,27,5.852799417550713
11508,8104,錸寶,TWSE,M23C 光電及I/O,15.685704725172153,-16.677237267711043,9.849321993850566,130,5.836382731321587
11508,8416,實威,TPEx,M23X 資訊服務,25.98851179389476,28.934464394843292,20.16137918832383,73,5.827132605570927
11508,1103,嘉泥,TWSE,M11A 水泥製造,-2.537128190407038,-4.725117818439927,-8.360217578971142,8,5.823089388564103
11508,3093,港建*,TPEx,M23H 電子設備,48.11836799337256,-51.09983147581336,42.51717000649329,84,5.601197986879271
11508,6292,迅德,TPEx,M23D 電子零組件,30.690403615100873,-6.381478334749363,25.08933578159188,195,5.601067833508992
11508,4147,中裕,TPEx,M17C 藥,19.512243324966896,-5.0540892747797965,13.935210320845938,75,5.577033004120958
11508,6751,智聯服務,TPEx,M23X 資訊服務,25.65650467853909,-2.8124527939136765,20.16137918832383,73,5.495125490215258
11508,7713,威力德生醫,TPEx,M17G 醫療耗材,14.80723808394359,-3.169879889641836,9.322370286362348,57,5.484867797581241
11508,7820,立盈,TPEx,M99L 資源回收,20.984862301659675,-1.7884638161790833,15.567574908502475,28,5.417287393157199
11508,2884,玉山金,TWSE,M28L 金融控股,19.28818447821957,12.303929261760363,13.898753138784288,13,5.389431339435282
11508,5548,安倉,TPEx,M25B 營造,13.329927240942052,-24.28919210112923,7.954559176920941,17,5.375368064021111
11508,6997,博弘,TPEx,M23X 資訊服務,25.48170628363205,-5.93729404384732,20.16137918832383,73,5.320327095308219
11508,9944,新麗,TWSE,M14F 不織布,9.651893785381416,-9.794729556576733,4.360305225239183,5,5.291588560142233
11508,8927,北基,TPEx,M99D 公用事業,20.77385680542557,9.949750062946668,15.499684873151953,15,5.274171932273617
11508,2739,寒舍,TWSE,M27A 餐飲飯店,9.318725667830561,8.56943500853822,4.04536424457842,40,5.273361423252141
11508,3687,歐買尬,TPEx,M23E 數位雲端,17.14396339317142,-0.8904215654742761,11.881400723492241,20,5.262562669679177
11508,2753,八方雲集,TWSE,M27A 餐飲飯店,9.290082630316254,1.75155957386117,4.04536424457842,40,5.244718385737834
11508,3046,建碁,TWSE,M23A 電腦及週邊,41.05212417250466,-7.68645117598686,35.82690162998942,65,5.22522254251524
11508,5403,中菲,TPEx,M23X 資訊服務,25.30011926421812,-4.579325249766311,20.16137918832383,73,5.13874007589429
11508,6108,競國,TWSE,M23B 印刷電路板,45.69444140456857,-8.513997840730182,40.582840603580124,66,5.111600800988448
11508,2066,世德,TPEx,M15D 汽車組件,11.854646246829205,5.880709265538863,6.816747433041865,54,5.03789881378734
11508,1264,德麥,TPEx,M12Z 其他食品,9.223630408458495,-3.1487462326296414,4.239960790308601,10,4.983669618149895
11508,4583,台灣精銳,TWSE,M15A 機械,23.63241308793456,-16.242756214342293,18.699479537392047,44,4.932933550542511
11508,4939,亞電,TPEx,M23B 印刷電路板,45.40855152574406,3.3928943065259403,40.582840603580124,66,4.825710922163935
11508,2103,台橡,TWSE,M21C 橡膠原料,21.785505046328982,-5.36384569803336,16.964632724446172,5,4.82087232188281
11508,8421,旭源,TPEx,M13B 塑膠製品,25.498522513586675,1.6664713661549793,20.708674735043566,8,4.789847778543109
11508,8411,福貞-KY,TWSE,M20B 金屬製品,42.410299412069655,21.437956962742195,37.664156804152086,11,4.7461426079175695
11508,2752,豆府,TPEx,M27A 餐飲飯店,8.786430870415135,11.34350867729702,4.04536424457842,40,4.741066625836715
11508,2538,基泰,TWSE,M25A 建設,26.89925681255161,12.64947083886929,22.16517290505406,74,4.734083907497549
11508,2481,強茂,TWSE,M23D 電子零組件,29.819236781713233,-4.88920050288051,25.08933578159188,195,4.729901000121352
11508,4106,雃博,TWSE,M17G 醫療耗材,14.040676425848002,4.621079626290178,9.322370286362348,57,4.718306139485653
11508,4558,寶緯,TPEx,M20A 基本金屬,16.54573149177662,-9.09013430658398,11.847793061266259,53,4.697938430510362
11508,2107,厚生,TWSE,M21B 橡膠,20.50908735587258,0.7499326040960371,15.846473917368748,2,4.662613438503833
11508,3293,鈊象,TPEx,M23X 資訊服務,24.804093366160956,1.775592877528285,20.16137918832383,73,4.642714177837124
11508,5212,凌網,TPEx,M23X 資訊服務,24.776735094975326,23.131926683716966,20.16137918832383,73,4.615355906651494
11508,6127,九豪,TPEx,M23D 電子零組件,29.684085998140972,14.750053407391583,25.08933578159188,195,4.594750216549091
11508,6807,峰源-KY,TWSE,M99B 五金及家具,8.784836144055355,-10.532214796810281,4.203265064610972,17,4.581571079444383
11508,4720,德淵,TWSE,M17F 樹脂,25.115141249265054,-2.284232047581562,20.56055139970624,16,4.554589849558813
11508,3218,大學光,TPEx,M17X 醫藥通路,9.377552822731989,-2.3399594400459316,4.846028276568076,11,4.531524546163912
11508,8455,大拓-KY,TPEx,M15A 機械,23.22306770081476,-6.8594361169932405,18.699479537392047,44,4.523588163422712
11508,6856,鑫傳,TPEx,M99H 電視廣播,1.1062168385223745,12.283204862140527,-3.412680420161717,7,4.518897258684092
11508,3714,富采,TWSE,M23C 光電及I/O,14.23365151641082,-9.063636660572373,9.849321993850566,130,4.384329522560254
11508,3051,力特,TWSE,M23C 光電及I/O,14.157664088413487,-12.6650510231805,9.849321993850566,130,4.308342094562921
11508,2393,億光,TWSE,M23C 光電及I/O,14.104232991248065,-5.651349826314142,9.849321993850566,130,4.254910997397499
11508,1233,天仁,TWSE,M12Z 其他食品,8.479599325486417,15.978269984067849,4.239960790308601,10,4.239638535177816
11508,9941,裕融,TWSE,M28K 租賃,1.8678112914087854,-3.3452540431623543,-2.365154318762894,4,4.2329656101716795
11508,1307,三芳,TWSE,M13A 石化,10.833155328925839,-1.2057301021705018,6.645585813622416,30,4.187569515303423
11508,2399,映泰,TWSE,M23A 電腦及週邊,40.00112885928769,2.943587295987715,35.82690162998942,65,4.174227229298268
11508,6122,擎邦,TPEx,M25C 工程承攬,13.592119902372534,12.179042830722148,9.42002029759555,6,4.172099604776985
11508,6291,沛亨,TPEx,M23G 半導體,33.424356653112106,10.458935021746788,29.27771748942473,163,4.146639163687375
11508,6805,富世達,TWSE,M23D 電子零組件,29.136067855214495,12.37026988276037,25.08933578159188,195,4.046732073622614
11508,1731,美吾華,TWSE,M17C 藥,17.95743475335529,-9.651870838249454,13.935210320845938,75,4.022224432509352
11508,6831,邁科,TWSE,M23D 電子零組件,29.10220228796049,-7.381229132282574,25.08933578159188,195,4.01286650636861
11508,8150,南茂,TWSE,M23G 半導體,33.26544973719624,-1.3216016640370893,29.27771748942473,163,3.987732247771511
11508,1440,南紡,TWSE,M14A 人纖,-4.228913103138908,-19.221174121884857,-8.157545288115324,14,3.9286321849764168
11508,2637,慧洋-KY,TWSE,M26A 海運,34.96367119988952,-4.030388923688277,31.062250846303606,12,3.9014203535859124
11508,7705,三商餐飲,TWSE,M27A 餐飲飯店,7.902411829786795,13.103592562733226,4.04536424457842,40,3.8570475852083748
11508,4971,IET-KY,TPEx,M23G 半導體,33.0330594065617,0.9069194240633416,29.27771748942473,163,3.755341917136967
11508,8403,盛弘,TPEx,M17X 醫藥通路,8.596020598356606,-3.456474430046848,4.846028276568076,11,3.74999232178853
11508,1777,生泰,TPEx,M17C 藥,17.68207527407304,32.09429008112239,13.935210320845938,75,3.7468649532271012
11508,8481,政伸,TWSE,M99C 印刷,5.552988220648289,-0.6497829618385662,1.8295725396450813,6,3.7234156810032077
11508,2369,菱生,TWSE,M23G 半導體,32.89685341106471,0.015268721711966471,29.27771748942473,163,3.6191359216399803
11508,7782,光速火箭,TPEx,M29A 百貨批發,6.44511421319797,12.594593687601725,2.8430848467719483,24,3.6020293664260215
11508,4722,國精化,TWSE,M17F 樹脂,24.140840725495472,-7.275203990349427,20.56055139970624,16,3.5802893257892308
11508,6923,中台,TWSE,M99L 資源回收,19.132352496903415,8.356002527958672,15.567574908502475,28,3.56477758840094
11508,3221,台嘉碩,TPEx,M23D 電子零組件,28.651953542286975,-9.683029766321214,25.08933578159188,195,3.562617760695094
11508,2707,晶華,TWSE,M27A 餐飲飯店,7.577868993202221,13.355578028792406,4.04536424457842,40,3.5325047486238015
11508,8071,能率網通,TPEx,M23D 電子零組件,28.59486024114283,-5.563131244261416,25.08933578159188,195,3.505524459550948
11508,2745,五福,TPEx,M27C 旅行社,10.416467438079755,-16.266115795906224,6.988488132071125,7,3.4279793060086297
11508,7738,東聯互動,TPEx,M23E 數位雲端,15.280582804385459,16.253273203375038,11.881400723492241,20,3.399182080893217
11508,1338,廣華-KY,TWSE,M15D 汽車組件,10.190241498275013,35.80862184402065,6.816747433041865,54,3.3734940652331478
11508,7814,海昌生技,TPEx,M17G 醫療耗材,12.689155107187894,-47.76413853572994,9.322370286362348,57,3.3667848208255453
11508,1259,安心,TPEx,M27A 餐飲飯店,7.409599074787972,1.1642472786423348,4.04536424457842,40,3.3642348302095524
11508,5306,桂盟,TWSE,M15E 自行車組件,12.064838592632388,-19.13706531578157,8.717393403501028,3,3.34744518913136
11508,6241,鑫永洋,TPEx,M23K 通信網路,30.116298527443107,-0.8890446752915684,26.817191653679874,74,3.2991068737632325
11508,2006,東和鋼鐵,TWSE,M20A 基本金屬,15.124090050648597,0.7229677931817972,11.847793061266259,53,3.276296989382338
11508,3090,日電貿,TWSE,M23T 電子通路,38.4488218327368,-8.706911692834016,35.1919397058577,57,3.2568821268790984
11508,6226,光鼎,TWSE,M23C 光電及I/O,13.05780555732721,-11.455402187848616,9.849321993850566,130,3.208483563476644
11508,5328,華容,TPEx,M23D 電子零組件,28.28088038671192,0.5674316411171247,25.08933578159188,195,3.19154460512004
11508,4716,大立,TPEx,M17F 樹脂,23.703799878819353,29.077854046242773,20.56055139970624,16,3.1432484791131117
11508,1315,達新,TWSE,M13A 石化,9.747731688264867,0.2676243195022645,6.645585813622416,30,3.102145874642451
11508,3679,新至陞,TWSE,M23D 電子零組件,28.179561259600167,5.022696344794115,25.08933578159188,195,3.0902254780082856
11508,5484,慧友,TWSE,M23C 光電及I/O,12.938514648255271,-5.268821411801534,9.849321993850566,130,3.0891926544047053
11508,8429,金麗-KY,TWSE,M99K 鞋及旅行箱,7.376014427412083,-6.669801708597853,4.325261712464019,11,3.0507527149480644
11508,6763,綠界科技*,TPEx,M23E 數位雲端,14.910488564877419,-0.7842788885575233,11.881400723492241,20,3.029087841385177
11508,6761,穩得,TPEx,M23Z 其他電子,20.718424706196757,-9.135733419681493,17.780449485962418,13,2.937975220234339
11508,2754,亞洲藏壽司,TPEx,M27A 餐飲飯店,6.981864566579779,14.079317767842358,4.04536424457842,40,2.9365003220013595
11508,8114,振樺電,TWSE,M23A 電腦及週邊,38.75169005988412,-21.60283208510487,35.82690162998942,65,2.924788429894697
11508,5603,陸海,TPEx,M26C 貨運倉儲,10.680822727230096,0.005932102845714479,7.804528243900269,15,2.8762944833298265
11508,2436,偉詮電,TWSE,M23G 半導體,32.146686219899934,6.272639429151904,29.27771748942473,163,2.8689687304752027
11508,1784,訊聯,TPEx,M17H 生物科技,14.37740558567818,-9.87149291351597,11.542346291878882,11,2.835059293799297
11508,1817,凱撒衛,TWSE,M18 玻璃陶瓷,10.08595069308607,5.183680941372807,7.346100003793483,6,2.739850689292588
11508,1231,聯華食,TWSE,M12Z 其他食品,6.887968225707047,5.3881198380238775,4.239960790308601,10,2.648007435398446
11508,2910,統領,TWSE,M29A 百貨批發,5.443196563604635,9.793370140005125,2.8430848467719483,24,2.600111716832687
11508,2353,宏碁,TWSE,M23A 電腦及週邊,38.41493141468421,12.177830290438726,35.82690162998942,65,2.5880297846947897
11508,9911,櫻花,TWSE,M99B 五金及家具,6.787989930972094,-4.616830412476959,4.203265064610972,17,2.584724866361122
11508,6768,志強-KY,TWSE,M99K 鞋及旅行箱,6.8641106598903345,-17.40319637753981,4.325261712464019,11,2.538848947426316
11508,6245,立端,TPEx,M23A 電腦及週邊,38.36241379310345,-23.82023709171546,35.82690162998942,65,2.535512163114028
11508,4536,拓凱,TWSE,M99Z 其他,7.735263240188523,-15.131158342147607,5.206317955870409,27,2.528945284318114
11508,1216,統一,TWSE,M12C 飲料乳品,3.7908098747692303,1.5001213554030468,1.3080196339671886,7,2.482790240802042
11508,4739,康普,TWSE,M17Z 其他化學,34.3964560862866,-10.597697685693406,31.91683473311466,18,2.4796213531719395
11508,4432,銘旺實,TPEx,M14C 成衣,7.830138528409268,6.739787653352869,5.367630831359371,28,2.4625076970498974
11508,2645,長榮航太,TWSE,M22B 機車船製造,25.965948554084736,7.285860826444938,23.571776912366506,11,2.3941716417182306
11508,6469,大樹,TPEx,M17X 醫藥通路,7.229909796192683,7.147438176944442,4.846028276568076,11,2.383881519624606
11508,8070,長華*,TWSE,M23T 電子通路,37.57073355876061,0.03221264106471067,35.1919397058577,57,2.378793852902909
11508,9931,欣高,TWSE,M99D 公用事業,17.86569115075795,-10.725168756027001,15.499684873151953,15,2.3660062776059974
11508,2449,京元電子,TWSE,M23G 半導體,31.577957840545338,2.239981837781924,29.27771748942473,163,2.300240351120607
11508,2505,國揚,TWSE,M25A 建設,24.460051290896107,199.83030576028455,22.16517290505406,74,2.294878385842047
11508,7556,意德士科技,TPEx,M23H 電子設備,44.717453836874824,6.786716877781582,42.51717000649329,84,2.2002838303815366
11508,4908,前鼎,TPEx,M23K 通信網路,28.9322191272052,-1.4778025542266369,26.817191653679874,74,2.115027473525327
11508,1304,台聚,TWSE,M13A 石化,8.722470848002123,9.889285285619659,6.645585813622416,30,2.076885034379707
11508,8201,無敵,TWSE,M23Z 其他電子,19.83092359958916,-11.304093567251462,17.780449485962418,13,2.0504741136267413
11508,5536,聖暉*,TPEx,M23H 電子設備,44.54132881735161,25.561042349602662,42.51717000649329,84,2.0241588108583244
11508,5493,三聯,TPEx,M23H 電子設備,44.534401265170494,18.820951528818853,42.51717000649329,84,2.0172312586772065
11508,2912,統一超,TWSE,M29A 百貨批發,4.817758390349309,-2.090516133670622,2.8430848467719483,24,1.9746735435773606
11508,2352,佳世達,TWSE,M23C 光電及I/O,11.819254751083538,3.40518229070623,9.849321993850566,130,1.9699327572329715
11508,4153,鈺緯,TPEx,M23C 光電及I/O,11.81095728847828,-4.115493907431489,9.849321993850566,130,1.9616352946277136
11508,2901,欣欣,TWSE,M29A 百貨批發,4.6923417441345725,7.421875,2.8430848467719483,24,1.8492568973626242
11508,8433,弘帆,TPEx,M29B 貿易,-3.595594098553755,-11.930188342759035,-5.434177906512505,7,1.83858380795875
11508,1519,華城,TWSE,M15B 電機製品,12.500572357089773,-6.510420350820023,10.714814018047969,14,1.785758339041804
11508,2834,臺企銀,TWSE,M28A 本國銀行,8.817960929271047,-5.433134839349536,7.060368875130942,9,1.7575920541401047
11508,5398,慕康生醫,TPEx,M17C 藥,15.644184086987924,128.20269200316707,13.935210320845938,75,1.7089737661419857
11508,6918,愛派司,TWSE,M17G 醫療耗材,11.030093934825468,-10.968394378639761,9.322370286362348,57,1.7077236484631193
11508,6641,基士德-KY,TWSE,M99L 資源回收,17.2714437506368,-4.205976945895977,15.567574908502475,28,1.703868842134323
11508,5871,中租-KY,TWSE,M28K 租賃,-0.6827451029023324,-3.476776706875711,-2.365154318762894,4,1.6824092158605615
11508,2886,兆豐金,TWSE,M28L 金融控股,15.550439685057762,-9.811604078190381,13.898753138784288,13,1.6516865462734742
11508,1217,愛之味,TWSE,M12A 罐頭加工,14.879251045657565,34.42279791107439,13.24545044765702,2,1.6338005980005441
11508,1906,寶隆,TWSE,M19A 造紙,9.184578427675591,-7.462284642199772,7.607112977872289,6,1.5774654498033023
11508,8284,三竹,TPEx,M23X 資訊服務,21.735913837853303,0.48957089161959905,20.16137918832383,73,1.5745346495294719
11508,3164,景岳,TWSE,M17C 藥,15.497789297148955,9.981126596980255,13.935210320845938,75,1.5625789763030173
11508,6781,AES-KY,TWSE,M23D 電子零組件,26.639774680160397,1.611855793052898,25.08933578159188,195,1.5504388985685154
11508,5864,致和證,TPEx,M30A 證券,112.91695834947213,161.49784872072783,111.39694347967702,8,1.520014869795105
11508,2303,聯電,TWSE,M23G 半導體,30.71441291503008,5.035202709942881,29.27771748942473,163,1.4366954256053504
11508,6703,軒郁,TPEx,M17Y 化妝美容,1.8304153071530753,2.649816242567381,0.4069472833029337,8,1.4234680238501416
11508,4131,浩泰,TPEx,M17G 醫療耗材,10.718002081165453,-4.858420268256334,9.322370286362348,57,1.395631794803105
11508,4711,永純,TPEx,M17F 樹脂,21.906580592827932,2.0787343635025755,20.56055139970624,16,1.3460291931216908
11508,8163,達方,TWSE,M23C 光電及I/O,11.180070633980236,-8.292454572088626,9.849321993850566,130,1.33074864012967
11508,6221,晉泰,TPEx,M23X 資訊服務,21.475620022016447,76.27710476562764,20.16137918832383,73,1.3142408336926152
11508,3704,合勤控,TWSE,M23K 通信網路,28.10811049078664,36.47374577769244,26.817191653679874,74,1.2909188371067657
11508,3105,穩懋,TPEx,M23G 半導體,30.55209457123739,2.396766679932708,29.27771748942473,163,1.2743770818126592
11508,1708,東鹼,TWSE,M17Z 其他化學,33.17216667449029,6.420670435594013,31.91683473311466,18,1.2553319413756334
11508,6525,捷敏-KY,TWSE,M23G 半導體,30.531915805351296,-0.8035313043421627,29.27771748942473,163,1.2541983159265655
11508,4584,君帆,TPEx,M15Z 其他電製品,0.7371416064784416,11.029950982284149,-0.5053297359458623,9,1.242471342424304
11508,6184,大豐電,TWSE,M99G 有線電視,-0.5832074713911563,-0.2678439695384231,-1.7899650572432126,2,1.2067575858520563
11508,3047,訊舟,TWSE,M23K 通信網路,28.02266770037287,13.565004523442074,26.817191653679874,74,1.205476046692997
11508,2610,華航,TWSE,M26D 空運,27.22342415074881,-1.2886533142912782,26.06987060312211,4,1.1535535476267
11508,5434,崇越,TWSE,M23T 電子通路,36.335554628193385,-4.673631137052619,35.1919397058577,57,1.1436149223356864
11508,2002,中鋼,TWSE,M20A 基本金屬,12.97063197691694,-5.960003963701512,11.847793061266259,53,1.1228389156506804
11508,1560,中砂,TWSE,M23G 半導體,30.37794617921122,1.4432661682027883,29.27771748942473,163,1.1002286897864906
11508,9925,新保,TWSE,M99I 保全,6.56580582081762,5.492646973207736,5.483619495511907,2,1.0821863253057131
11508,6961,旅天下,TPEx,M27C 旅行社,8.055221959534055,-7.882220069509166,6.988488132071125,7,1.0667338274629303
11508,4419,皇家美食,TPEx,M27A 餐飲飯店,5.042842843741444,1.3033785684912236,4.04536424457842,40,0.9974785991630242
11508,5907,大洋-KY,TWSE,M29A 百貨批發,3.798646859167597,13.461120442644008,2.8430848467719483,24,0.9555620123956485
11508,2421,建準,TWSE,M23D 電子零組件,26.03114025371601,-6.855119140073925,25.08933578159188,195,0.9418044721241294
11508,3094,聯傑,TWSE,M23G 半導體,30.20885757423251,-5.211577211943579,29.27771748942473,163,0.9311400848077795
11508,4105,東洋,TPEx,M17C 藥,14.860508694455728,-2.0718818429637573,13.935210320845938,75,0.92529837360979
11508,4166,友霖,TPEx,M17C 藥,14.859441730496735,-12.077034519899573,13.935210320845938,75,0.9242314096507975
11508,1603,華電,TWSE,M16 電纜,20.5041731100363,-12.941558660224906,19.598369292655352,11,0.9058038173809493
11508,3131,弘塑,TPEx,M23H 電子設備,43.346952343283206,-14.067940900119183,42.51717000649329,84,0.8297823367899184
11508,2897,王道銀行,TWSE,M28A 本國銀行,7.888838661721287,-0.3365979755199884,7.060368875130942,9,0.828469786590345
11508,3372,典範,TPEx,M23G 半導體,30.100964820229642,1.2198891874539273,29.27771748942473,163,0.8232473308049109
11508,4401,東隆興,TPEx,M14A 人纖,-7.371392435226513,5.008623615546059,-8.157545288115324,14,0.7861528528888115
11508,6195,詩肯,TPEx,M29A 百貨批發,3.61284082635108,-3.7711949939442873,2.8430848467719483,24,0.7697559795791316
11508,8424,惠普,TPEx,M11C 其他水泥,7.495551332179303,4.600977678308499,6.763843668500405,2,0.7317076636788977
11508,6590,普鴻,TPEx,M23X 資訊服務,20.88063295493636,4.872912970669673,20.16137918832383,73,0.7192537666125283
11508,2751,王座,TPEx,M27A 餐飲飯店,4.761462780768516,13.128309640345455,4.04536424457842,40,0.7160985361900964
11508,3276,宇環,TPEx,M23B 印刷電路板,41.27094624832181,-29.691405379989607,40.582840603580124,66,0.6881056447416896
11508,8121,越峰,TPEx,M23D 電子零組件,25.756797303684827,-2.368978633242284,25.08933578159188,195,0.6674615220929461
11508,1615,大山,TWSE,M16 電纜,20.257385034168212,-5.846872440881196,19.598369292655352,11,0.6590157415128601
11508,2482,連宇,TWSE,M23C 光電及I/O,10.490975760750512,21.686683799234277,9.849321993850566,130,0.641653766899946
11508,3297,杭特,TPEx,M23C 光電及I/O,10.481807537187215,-0.03531489111241907,9.849321993850566,130,0.6324855433366494
11508,3035,智原,TWSE,M23G 半導體,29.883694137526195,11.452916613705801,29.27771748942473,163,0.6059766481014641
11508,1319,東陽,TWSE,M15D 汽車組件,7.397616726284374,-4.38756738834105,6.816747433041865,54,0.5808692932425092
11508,1419,新紡,TWSE,M14C 成衣,5.943806951362058,18.90464839371888,5.367630831359371,28,0.5761761200026871
11508,3130,一零四,TWSE,M23E 數位雲端,12.453576005038768,-5.761992472171058,11.881400723492241,20,0.5721752815465262
11508,5903,全家,TPEx,M29A 百貨批發,3.336162920041837,-2.46288213899538,2.8430848467719483,24,0.4930780732698885
11508,4958,臻鼎-KY,TWSE,M23B 印刷電路板,41.05228119001421,17.41747670782486,40.582840603580124,66,0.46944058643408937
11508,2704,國賓,TWSE,M27A 餐飲飯店,4.4697086184362265,-1.0765310765310765,4.04536424457842,40,0.42434437385780654
11508,1466,聚隆,TWSE,M14A 人纖,-7.750410014895954,-11.215697632322062,-8.157545288115324,14,0.40713527321937004
11508,5276,達輝-KY,TPEx,M15D 汽車組件,7.223068747839226,-19.074172505436096,6.816747433041865,54,0.4063213147973608
11508,1717,長興,TWSE,M17F 樹脂,20.948469417322087,-0.5660941143070332,20.56055139970624,16,0.38791801761584566
11508,5604,中連,TPEx,M25F 物業管理,4.063391918281508,2.477810650887574,3.6906310135981966,4,0.37276090468331136
11508,7855,和運租車,TWSE,M22X 汽車買賣,1.3632411549250338,-4.67317555422852,1.0386838720487765,4,0.3245572828762573
11508,7818,溢泰實業,TWSE,M15C 家電製品,11.538575466747913,-4.137946710672868,11.219507352700457,22,0.3190681140474556
11508,3707,漢磊,TPEx,M23G 半導體,29.540932278131674,1.8097584621607186,29.27771748942473,163,0.2632147887069429
11508,6197,佳必琪,TWSE,M23D 電子零組件,25.34617547890212,0.9216418715092499,25.08933578159188,195,0.25683969731023737
11508,2024,志聯,TWSE,M20A 基本金屬,12.096102864900171,-12.547209399916072,11.847793061266259,53,0.2483098036339122
11508,8349,恒耀國際,TPEx,M20A 基本金屬,12.08891315140936,-0.6233169744578467,11.847793061266259,53,0.24112009014310054
11508,7709,榮田,TPEx,M15A 機械,18.88676181937141,-27.069613949547353,18.699479537392047,44,0.18728228197936403
11508,9905,大華,TWSE,M20B 金屬製品,37.83012180693314,-5.096055153207342,37.664156804152086,11,0.16596500278105708
11508,3717,聯嘉投控,TWSE,M23C 光電及I/O,10.007209773926757,-1.6086140826302018,9.849321993850566,130,0.15788778007619086
11508,1301,台塑,TWSE,M13A 石化,6.786144497398495,-8.510176426260754,6.645585813622416,30,0.14055868377607883
11508,6689,伊雲谷,TWSE,M23X 資訊服務,20.27846698282858,-10.949116995805506,20.16137918832383,73,0.11708779450474793
11508,2301,光寶科,TWSE,M23D 電子零組件,25.200742370543818,3.0878581903714792,25.08933578159188,195,0.11140658895193667
11508,4513,福裕,TPEx,M15A 機械,18.770985391415394,-1.7816013473530885,18.699479537392047,44,0.07150585402334642
11508,1215,卜蜂,TWSE,M12B 油脂飼料,1.3068797196628994,-7.7654790594875385,1.2417645099363464,12,0.06511520972655305
11508,8046,南電,TWSE,M23B 印刷電路板,40.59000155490278,-1.6002754537845574,40.582840603580124,66,0.007160951322653375
11508,1201,味全,TWSE,M12C 飲料乳品,1.3080196339671886,0.45609112382299066,1.3080196339671886,7,0.0
11508,1414,東和,TWSE,M14B 棉紡,-5.6395574244728754,5.154707700488551,-5.6395574244728754,3,0.0
11508,1423,利華,TWSE,M14D 毛紡,140.2441731409545,81.86859351369517,140.2441731409545,1,0.0
11508,1463,強盛新,TWSE,M14E 染整,3.400595434998346,-21.355608111508076,3.400595434998346,3,0.0
11508,1472,三洋實業,TWSE,M25B 營造,7.954559176920941,-0.717149393629781,7.954559176920941,17,0.0
11508,1517,利奇,TWSE,M15E 自行車組件,8.717393403501028,-19.61722244037268,8.717393403501028,3,0.0
11508,1612,宏泰,TWSE,M16 電纜,19.598369292655352,-8.35454563713905,19.598369292655352,11,0.0
11508,1730,花仙子,TWSE,M17E 清潔劑,-0.22745157769146804,-8.37684862274109,-0.22745157769146804,5,0.0
11508,1905,華紙,TWSE,M19B 紙漿,1.6474805266423107,-0.05455142475292284,1.6474805266423107,1,0.0
11508,2109,華豐,TWSE,M21A 輪胎,10.485149594280998,-21.98121985179124,10.485149594280998,5,0.0
11508,2211,長榮鋼,TWSE,M20A 基本金屬,11.847793061266259,-3.34439814681513,11.847793061266259,53,0.0
11508,2356,英業達,TWSE,M23A 電腦及週邊,35.82690162998942,-7.675596962853899,35.82690162998942,65,0.0
11508,2480,敦陽科,TWSE,M23X 資訊服務,20.16137918832383,-4.793496358856181,20.16137918832383,73,0.0
11508,2484,希華,TWSE,M23D 電子零組件,25.08933578159188,-3.4178456366437877,25.08933578159188,195,0.0
11508,2731,雄獅,TWSE,M27C 旅行社,6.988488132071125,-13.992689117472038,6.988488132071125,7,0.0
11508,2762,世界健身-KY,TWSE,M99Z 其他,5.206317955870409,0.09729977940663317,5.206317955870409,27,0.0
11508,2820,華票,TWSE,M28F 票券公司,54.67421856837923,16.76994849736105,54.67421856837923,1,0.0
11508,2850,新產,TWSE,M28J 產險,4.706880588210361,11.027777571608704,4.706880588210361,5,0.0
11508,2892,第一金,TWSE,M28L 金融控股,13.898753138784288,-2.3633327251119747,13.898753138784288,13,0.0
11508,2908,特力,TWSE,M29B 貿易,-5.434177906512505,1.0035749030542993,-5.434177906512505,7,0.0
11508,3312,弘憶股,TWSE,M23T 電子通路,35.1919397058577,-13.271370924066474,35.1919397058577,57,0.0
11508,3532,台勝科,TWSE,M23G 半導體,29.27771748942473,2.2119027720539877,29.27771748942473,163,0.0
11508,5876,上海商銀,TWSE,M28A 本國銀行,7.060368875130942,-12.815193387111616,7.060368875130942,9,0.0
11508,6504,南六,TWSE,M14F 不織布,4.360305225239183,3.9542245981051667,4.360305225239183,5,0.0
11508,6505,台塑化,TWSE,M13C 輕油裂解,50.28664779657053,9.469141242793931,50.28664779657053,1,0.0
11508,7760,享溫馨,TWSE,M27B 觀光遊樂區,-5.361117507099547,16.350168667877615,-5.361117507099547,3,0.0
11508,7835,永悅健康-創,TWSE,數位雲端,-26.552513451648384,-6.903048343946645,-26.552513451648384,1,0.0
11508,9904,寶成,TWSE,M99K 鞋及旅行箱,4.325261712464019,5.40982401566677,4.325261712464019,11,0.0
11508,9918,欣天然,TWSE,M99D 公用事業,15.499684873151953,10.31054188906939,15.499684873151953,15,0.0
11508,9924,福興,TWSE,M99B 五金及家具,4.203265064610972,-17.839487705971273,4.203265064610972,17,0.0
11508,9928,中視,TWSE,M99H 電視廣播,-3.412680420161717,-11.50943657486257,-3.412680420161717,7,0.0
11508,9940,信義,TWSE,M25D 仲介建經,26.24243876694443,10.863262440384254,26.24243876694443,1,0.0
11508,1599,宏佳騰,TPEx,M22A 汽車製造,98.4969606411519,17.30303796553842,98.4969606411519,7,0.0
11508,2643,捷迅,TPEx,M26C 貨運倉儲,7.804528243900269,13.52986100070408,7.804528243900269,15,0.0
11508,3465,進泰電子,TPEx,M23U 消費性電子,2.398733541059403,40.94116182228186,2.398733541059403,27,0.0
11508,3587,閎康,TPEx,M23Z 其他電子,17.780449485962418,0.38038276237442664,17.780449485962418,13,0.0
11508,4109,加捷生醫,TPEx,M17C 藥,13.935210320845938,-9.576083388049902,13.935210320845938,75,0.0
11508,4160,訊聯基因,TPEx,M17H 生物科技,11.542346291878882,-11.84183708132346,11.542346291878882,11,0.0
11508,4541,晟田,TPEx,M22B 機車船製造,23.571776912366506,-10.121474139836629,23.571776912366506,11,0.0
11508,4549,桓達,TPEx,M15H 儀器設備,5.66321072986094,-8.42314515194466,5.66321072986094,5,0.0
11508,4568,科際精密,TPEx,M15Z 其他電製品,-0.5053297359458623,-30.09167896822314,-0.5053297359458623,9,0.0
11508,5312,寶島科,TPEx,M17X 醫藥通路,4.846028276568076,-3.57584516969552,4.846028276568076,11,0.0
11508,5520,力泰,TPEx,M11B 預拌混凝土,3.12297284774349,3.417530183217666,3.12297284774349,3,0.0
11508,6584,南俊國際,TPEx,M20B 金屬製品,37.664156804152086,-0.07420488396568024,37.664156804152086,11,0.0
11508,6596,寬宏藝術,TPEx,M99E 廣告,-73.50798899080888,144.85725169837676,-73.50798899080888,1,0.0
11508,6733,博晟生醫,TPEx,M17G 醫療耗材,9.322370286362348,-2.211514075576972,9.322370286362348,57,0.0
11508,8423,保綠-KY,TPEx,M21C 橡膠原料,16.964632724446172,1.9075568598679384,16.964632724446172,5,0.0
11508,8932,智通*,TPEx,M14Z 其他紡織,12.75986290062482,7.3661144162854,12.75986290062482,5,0.0
11508,3189,景碩,TWSE,M23B 印刷電路板,40.57567965225748,5.7332946714025335,40.582840603580124,66,-0.0071609513226462695
11508,8131,福懋科,TWSE,M23G 半導體,29.24867970676851,4.374788506525033,29.27771748942473,163,-0.029037782656221367
11508,6913,鴻呈,TPEx,M23D 電子零組件,25.038077057290064,-18.288033782170462,25.08933578159188,195,-0.05125872430181744
11508,1702,南僑,TWSE,M12B 油脂飼料,1.1766493002097933,5.757882173079244,1.2417645099363464,12,-0.06511520972655305
11508,1558,伸興,TWSE,M15A 機械,18.6279736833687,-4.991246423843887,18.699479537392047,44,-0.07150585402334642
11508,6205,詮欣,TWSE,M23D 電子零組件,24.992973068634903,-8.505044655104093,25.08933578159188,195,-0.09636271295697796
11508,4306,炎洲,TWSE,M13A 石化,6.505027129846337,-4.700501745560018,6.645585813622416,30,-0.14055868377607883
11508,5251,天鉞電,TPEx,M23C 光電及I/O,9.691434213774377,24.074384318981405,9.849321993850566,130,-0.1578877800761891
11508,3710,連展投控,TPEx,M23D 電子零組件,24.845122961896937,-6.411890679176015,25.08933578159188,195,-0.24421281969494402
11508,3346,麗清,TWSE,M23C 光電及I/O,9.590773767650221,28.35997739059073,9.849321993850566,130,-0.2585482262003449
11508,1309,台達化,TWSE,M13A 石化,6.372348677570834,11.213850317277142,6.645585813622416,30,-0.2732371360515824
11508,2491,吉祥全,TWSE,M15C 家電製品,10.900439238653002,-6.9700319331859495,11.219507352700457,22,-0.3190681140474556
11508,2247,汎德永業,TWSE,M22X 汽車買賣,0.7141265891725195,-19.739149389653168,1.0386838720487765,4,-0.32455728287625707
11508,3040,遠見,TWSE,M25F 物業管理,3.317870108914885,-3.8208787082238076,3.6906310135981966,4,-0.37276090468331136
11508,6508,惠光,TPEx,M17C 藥,13.55627888658504,15.403722320976609,13.935210320845938,75,-0.37893143426089715
11508,1788,杏昌,TPEx,M17G 醫療耗材,8.941288853382764,5.602436201289754,9.322370286362348,57,-0.38108143297958463
11508,1735,日勝化,TWSE,M17F 樹脂,20.1726333820904,1.0867785413869409,20.56055139970624,16,-0.3879180176158421
11508,9943,好樂迪,TWSE,M27B 觀光遊樂區,-5.754573736194711,-1.6028421530962118,-5.361117507099547,3,-0.39345622909516376
11508,3479,安勤,TPEx,M23A 電腦及週邊,35.43316627661718,0.4896825844869728,35.82690162998942,65,-0.39373535337224297
11508,1568,倉佑,TWSE,M15D 汽車組件,6.410426118244503,-6.315488361744732,6.816747433041865,54,-0.40632131479736167
11508,1409,新纖,TWSE,M14A 人纖,-8.564680561334695,-26.185861152276747,-8.157545288115324,14,-0.40713527321937093
11508,2706,第一店,TWSE,M27A 餐飲飯店,3.621019870720613,83.60139983739262,4.04536424457842,40,-0.424344373857807
11508,5487,通泰,TPEx,M23G 半導體,28.84124087591241,-10.739570164348926,29.27771748942473,163,-0.4364766135123226
11508,2916,滿心,TPEx,M29A 百貨批發,2.3500067735020598,13.444094084810585,2.8430848467719483,24,-0.4930780732698885
11508,4923,力士,TPEx,M23G 半導體,28.77895890933359,-9.994919249381564,29.27771748942473,163,-0.4987585800911418
11508,5015,華祺,TPEx,M20A 基本金屬,11.341160627866852,-3.238075733083669,11.847793061266259,53,-0.5066324333994068
11508,3313,斐成,TPEx,M25B 營造,7.410881801125703,81.45800316957211,7.954559176920941,17,-0.5436773757952373
11508,8087,麗升能源,TPEx,M23C 光電及I/O,9.291849589616339,3.8901186631345936,9.849321993850566,130,-0.5574724042342272
11508,8044,網家,TPEx,M23E 數位雲端,11.309225441945713,2.3763398374120435,11.881400723492241,20,-0.572175281546528
11508,1473,台南,TWSE,M14C 成衣,4.791454711356683,-15.660248754418346,5.367630831359371,28,-0.576176120002688
11508,1313,聯成,TWSE,M13A 石化,6.038199417554717,3.001939180359485,6.645585813622416,30,-0.6073863960676995
11508,3058,立德,TWSE,M23D 電子零組件,24.478796146732172,-1.5026490066225167,25.08933578159188,195,-0.610539634859709
11508,1234,黑松,TWSE,M12C 飲料乳品,0.6316055033472389,3.073384229554416,1.3080196339671886,7,-0.6764141306199497
11508,6257,矽格,TWSE,M23G 半導體,28.584107151402755,2.718170020047801,29.27771748942473,163,-0.6936103380219762
11508,2926,誠品生活,TPEx,M29A 百貨批發,2.1399999002873384,8.18699656396102,2.8430848467719483,24,-0.7030849464846098
11508,9930,中聯資源,TWSE,M11C 其他水泥,6.032136004821506,-3.9042312054534127,6.763843668500405,2,-0.7317076636788986
11508,4526,東台,TWSE,M15A 機械,17.955753491682234,-36.17499112499022,18.699479537392047,44,-0.7437260457098134
11508,4121,優盛,TPEx,M17X 醫藥通路,4.031174752083066,2.3827206528136875,4.846028276568076,11,-0.8148535244850104
11508,6139,亞翔,TWSE,M23H 電子設備,41.68738766970338,0.8238097120440502,42.51717000649329,84,-0.8297823367899113
11508,1732,毛寶,TWSE,M17E 清潔劑,-1.1958491772984114,10.16781249380857,-0.22745157769146804,5,-0.9683975996069434
11508,2611,志信,TWSE,M26C 貨運倉儲,6.7652150752430416,13.369426880265046,7.804528243900269,15,-1.0393131686572277
11508,3607,谷崧,TWSE,M23D 電子零組件,24.039361310237073,16.66560466431433,25.08933578159188,195,-1.0499744713548083
11508,1321,大洋,TWSE,M13A 石化,5.588487303318274,-8.848251329742524,6.645585813622416,30,-1.057098510304142
11508,9917,中保科,TWSE,M99I 保全,4.401433170206194,1.1214694451810874,5.483619495511907,2,-1.0821863253057131
11508,2947,振宇五金,TPEx,M29A 百貨批發,1.7506460891530027,-5.169191690102513,2.8430848467719483,24,-1.0924387576189456
11508,4175,杏一,TPEx,M17X 醫藥通路,3.6955789820211438,5.152930929573019,4.846028276568076,11,-1.1504492945469327
11508,2618,長榮航,TWSE,M26D 空運,24.91631705549541,1.9481659781440248,26.06987060312211,4,-1.1535535476267
11508,6890,來億-KY,TWSE,M99K 鞋及旅行箱,3.132776012511067,-11.959693342857651,4.325261712464019,11,-1.1924856999529516
11508,2379,瑞昱,TWSE,M23G 半導體,28.083000681580568,-3.381240495941536,29.27771748942473,163,-1.1947168078441628
11508,7751,竑騰,TPEx,M23H 電子設備,41.3224444016053,-0.010746199565192233,42.51717000649329,84,-1.194725604887985
11508,2412,中華電,TWSE,M23K 通信網路,25.611715606986877,17.22232894775221,26.817191653679874,74,-1.205476046692997
11508,6464,台數科,TWSE,M99G 有線電視,-2.996722643095269,-0.21643577282947704,-1.7899650572432126,2,-1.2067575858520565
11508,1725,元禎,TWSE,M17Z 其他化學,30.661502791739025,-0.3991193459065461,31.91683473311466,18,-1.2553319413756334
11508,6112,邁達特,TWSE,M23X 資訊服務,18.78872114528698,-4.132637628554144,20.16137918832383,73,-1.37265804303685
11508,4190,佐登-KY,TWSE,M17Y 化妝美容,-1.0165207405472079,3.6000686817554546,0.4069472833029337,8,-1.4234680238501416
11508,1780,立弘,TPEx,M17C 藥,12.477643345607575,-9.329149351200067,13.935210320845938,75,-1.4575669752383629
11508,2855,統一證,TWSE,M30A 證券,109.8769286098819,122.47776672091175,111.39694347967702,8,-1.5200148697951192
11508,7747,昕奇雲端,TPEx,M23X 資訊服務,18.632344143125252,-5.495782518998251,20.16137918832383,73,-1.5290350451985795
11508,3441,聯一光電,TPEx,M23U 消費性電子,0.8635737253100597,-14.517070891890839,2.398733541059403,27,-1.5351598157493433
11508,1752,南光,TWSE,M17C 藥,12.359184866358467,-1.5561620876083173,13.935210320845938,75,-1.5760254544874712
11508,1907,永豐餘,TWSE,M19A 造紙,6.0296475280689865,0.026664310285757692,7.607112977872289,6,-1.5774654498033023
11508,2729,瓦城,TPEx,M27A 餐飲飯店,2.4422533938317703,20.88539969387251,4.04536424457842,40,-1.6031108507466496
11508,3042,晶技,TWSE,M23D 電子零組件,23.47690304200431,3.5931537635188127,25.08933578159188,195,-1.6124327395875717
11508,8905,裕國,TPEx,M12A 罐頭加工,11.611649849656475,4.268628410620336,13.24545044765702,2,-1.633800598000546
11508,3406,玉晶光,TWSE,M23U 消費性電子,0.7211954265149975,12.25767513441393,2.398733541059403,27,-1.6775381145444057
11508,6592,和潤企業,TWSE,M28K 租賃,-4.047563534623455,-1.5188394150372413,-2.365154318762894,4,-1.6824092158605612
11508,3205,佰研,TPEx,M12C 飲料乳品,-0.37606740937623706,12.099904549793191,1.3080196339671886,7,-1.6840870433434256
11508,1608,華榮,TWSE,M16 電纜,17.898542763256458,-6.904634215590397,19.598369292655352,11,-1.6998265293988943
11508,6233,旺玖,TPEx,M23G 半導體,27.5770475055338,-12.604395091681052,29.27771748942473,163,-1.7006699838909327
11508,4138,曜亞,TPEx,M17Y 化妝美容,-1.295241110055925,-4.40947295812789,0.4069472833029337,8,-1.7021883933588586
11508,8440,綠電,TPEx,M99L 資源回收,13.863706066368152,-5.788731107705113,15.567574908502475,28,-1.703868842134323
11508,4938,和碩,TWSE,M23A 電腦及週邊,34.11291108532581,2.6620623152055276,35.82690162998942,65,-1.7139905446636092
11508,4139,馬光-KY,TPEx,M17X 醫藥通路,3.076871939193831,2.795549220450603,4.846028276568076,11,-1.7691563373742456
11508,3577,泓格,TPEx,M23A 電腦及週邊,34.0507217761397,-13.022497740261773,35.82690162998942,65,-1.7761798538497189
11508,1513,中興電,TWSE,M15B 電機製品,8.929055679006165,3.8212472582249104,10.714814018047969,14,-1.785758339041804
11508,4129,聯合,TPEx,M17G 醫療耗材,7.500701113611321,-14.21799945727446,9.322370286362348,57,-1.8216691727510277
11508,2748,雲品,TWSE,M27A 餐飲飯店,2.210679894951853,3.1534184611035196,4.04536424457842,40,-1.834684349626567
11508,6116,彩晶,TWSE,M23C 光電及I/O,8.002552973034222,7.123639574756012,9.849321993850566,130,-1.8467690208163443
11508,6965,中傑-KY,TWSE,M99K 鞋及旅行箱,2.417338481092725,1.0057496630826903,4.325261712464019,11,-1.9079232313712935
11508,2880,華南金,TWSE,M28L 金融控股,11.949803192383932,-8.332331884197751,13.898753138784288,13,-1.9489499464003561
11508,2845,遠東銀,TWSE,M28A 本國銀行,5.0653083005513615,-10.709758397392266,7.060368875130942,9,-1.9950605745795809
11508,9921,巨大,TWSE,M99Z 其他,3.2102659409215217,-9.93938345625446,5.206317955870409,27,-1.9960520149488872
11508,2913,農林,TWSE,M29B 貿易,-7.492040235552675,12.066081851384101,-5.434177906512505,7,-2.0578623290401703
11508,1341,富林-KY,TWSE,M13A 石化,4.569009645303594,-31.563553962900507,6.645585813622416,30,-2.076576168318822
11508,6958,日盛台駿,TWSE,M28K 租賃,-4.484282519446343,-2.305356616353278,-2.365154318762894,4,-2.1191282006834493
11508,2015,豐興,TWSE,M20A 基本金屬,9.671752908325915,-6.716799136703335,11.847793061266259,53,-2.1760401529403435
11508,2033,佳大,TWSE,M20A 基本金屬,9.663237867599983,-3.2278719397363465,11.847793061266259,53,-2.1845551936662755
11508,8941,關中,TPEx,M99B 五金及家具,2.007311610662699,3.4134124849271865,4.203265064610972,17,-2.1959534539482726
11508,1718,中纖,TWSE,M13A 石化,4.427837589825293,-14.735970540910143,6.645585813622416,30,-2.2177482237971233
11508,2442,新美齊,TWSE,M25A 建設,19.870294519212013,-48.767271742075316,22.16517290505406,74,-2.294878385842047
11508,2852,第一保,TWSE,M28J 產險,2.355430600040868,-9.544804809116958,4.706880588210361,5,-2.3514499881694935
11508,2106,建大,TWSE,M21A 輪胎,8.076490991769523,-10.370352064599237,10.485149594280998,5,-2.4086586025114745
11508,7732,金興精密,TWSE,M15D 汽車組件,4.350774502105789,54.92537313432836,6.816747433041865,54,-2.4659729309360756
11508,4178,永笙-KY,TWSE,M17H 生物科技,9.023941068139964,-1.3911595052284154,11.542346291878882,11,-2.5184052237389185
11508,4557,永新-KY,TWSE,M15D 汽車組件,4.218446939304149,-2.1000436210841174,6.816747433041865,54,-2.5983004937377157
11508,1236,宏亞,TWSE,M12Z 其他食品,1.5919533549101543,-1.1436566053461927,4.239960790308601,10,-2.6480074353984464
11508,5425,台半,TPEx,M23D 電子零組件,22.43337099822437,-0.947047072671662,25.08933578159188,195,-2.655964783367512
11508,1529,樂事綠能,TWSE,M15B 電機製品,8.005252215778532,11.693749151314897,10.714814018047969,14,-2.7095618022694374
11508,1810,和成,TWSE,M18 玻璃陶瓷,4.606249314500896,-11.663094738846194,7.346100003793483,6,-2.739850689292587
11508,6929,佑全,TPEx,M17X 醫藥通路,2.0264411854069557,1.967123267379897,4.846028276568076,11,-2.8195870911611207
11508,3034,聯詠,TWSE,M23G 半導體,26.33031651680444,0.30216585867666274,29.27771748942473,163,-2.94740097262029
11508,2415,錩新,TWSE,M23U 消費性電子,-0.5989983679339939,4.098926224739674,2.398733541059403,27,-2.997731908993397
11508,4205,中華食,TPEx,M12Z 其他食品,1.1867228939101775,-16.477272727272727,4.239960790308601,10,-3.0532378963984232
11508,4171,瑞基,TPEx,M17G 醫療耗材,6.1926739498743935,-21.822717302481614,9.322370286362348,57,-3.129696336487955
11508,6526,達發,TWSE,M23G 半導體,26.112143768975987,2.2055444001139426,29.27771748942473,163,-3.1655737204487444
11508,2838,聯邦銀,TWSE,M28A 本國銀行,3.881349694132072,48.77816899340448,7.060368875130942,9,-3.1790191809988704
11508,7722,LINEPAY,TWSE,M23E 數位雲端,8.655628320771036,4.34522848599998,11.881400723492241,20,-3.225772402721205
11508,2364,倫飛,TWSE,M23A 電腦及週邊,32.600603251673654,-4.986215294433931,35.82690162998942,65,-3.226298378315768
11508,5283,禾聯碩,TWSE,M15C 家電製品,7.987413652261498,-22.234025692537685,11.219507352700457,22,-3.232093700438959
11508,6134,萬旭,TPEx,M23D 電子零組件,21.72627200324659,3.6087927081489286,25.08933578159188,195,-3.3630637783452926
11508,8045,達運光電,TWSE,M23K 通信網路,23.41228078345177,-4.3981097363009996,26.817191653679874,74,-3.404910870228104
11508,6435,大中,TPEx,M23G 半導體,25.82854012599288,1.6283567856171284,29.27771748942473,163,-3.4491773634318506
11508,6136,富爾特,TWSE,M23T 電子通路,31.718972752645424,4.488547672899876,35.1919397058577,57,-3.472966953212275
11508,2903,遠百,TWSE,M29A 百貨批發,-0.6393460561691366,8.173842182768833,2.8430848467719483,24,-3.482430902941085
11508,6668,中揚光,TWSE,M23U 消費性電子,-1.1033445767464543,-9.61661668167764,2.398733541059403,27,-3.5020781178058575
11508,7821,神數,TWSE,M23K 通信網路,23.248595199437755,-27.918257209297014,26.817191653679874,74,-3.568596454242119
11508,1464,得力,TWSE,M14C 成衣,1.776586321230049,3.3325323099486073,5.367630831359371,28,-3.591044510129322
11508,3535,晶彩科,TWSE,M23H 電子設備,38.91140127069888,-46.930545468445395,42.51717000649329,84,-3.605768735794406
11508,1435,中福,TWSE,M25F 物業管理,0.0,0.0,3.6906310135981966,4,-3.6906310135981966
11508,1903,士紙,TWSE,M19A 造紙,3.8968870128891235,23.02749018207783,7.607112977872289,6,-3.7102259649831653
11508,8028,昇陽半導體,TWSE,M23G 半導體,25.566192675709186,-1.8062375039103409,29.27771748942473,163,-3.7115248137155454
11508,8401,白紗科,TPEx,M99C 印刷,-1.8938431413581263,0.8249228075026499,1.8295725396450813,6,-3.7234156810032077
11508,6720,久昌,TPEx,M23G 半導體,25.4902717726992,1.2963136081767475,29.27771748942473,163,-3.787445716725532
11508,2701,萬企,TWSE,M27A 餐飲飯店,0.2468160726626518,-2.6508796318489045,4.04536424457842,40,-3.798548171915768
11508,3002,歐格,TWSE,M23D 電子零組件,21.20531069213801,3.0940243557065985,25.08933578159188,195,-3.8840250894538713
11508,2612,中航,TWSE,M26A 海運,27.160830492717693,6.696523291079207,31.062250846303606,12,-3.9014203535859124
11508,6449,鈺邦,TWSE,M23D 電子零組件,21.16686053350411,-8.357765753226957,25.08933578159188,195,-3.922475248087771
11508,1443,立益物流,TWSE,M26C 貨運倉儲,3.8664879085297987,3.3878887070376433,7.804528243900269,15,-3.9380403353704705
11508,7839,達人網,TPEx,M23E 數位雲端,7.849666983824928,2.123688783061973,11.881400723492241,20,-4.031733739667313
11508,6757,台灣虎航,TWSE,M26D 空運,22.013048217250976,0.9961702274305271,26.06987060312211,4,-4.056822385871133
11508,8454,富邦媒,TWSE,M23E 數位雲端,7.796143351300176,6.955448550812816,11.881400723492241,20,-4.085257372192065
11508,6474,華豫寧,TPEx,M23G 半導體,25.127091590271167,-16.44471169315915,29.27771748942473,163,-4.150625899153564
11508,9933,中鼎,TWSE,M25C 工程承攬,5.247920692818564,7.612155921249358,9.42002029759555,6,-4.172099604776985
11508,6697,東捷資訊,TPEx,M23X 資訊服務,15.816926241551572,-5.997648982929571,20.16137918832383,73,-4.344452946772259
11508,1563,巧新,TWSE,M15D 汽車組件,2.4585276041608433,-15.420493895150733,6.816747433041865,54,-4.358219828881022
11508,8110,華東,TWSE,M23G 半導體,24.848656400375955,16.06144926524892,29.27771748942473,163,-4.429061089048776
11508,2616,山隆,TWSE,M99D 公用事業,11.000036752545114,-0.7935234538547351,15.499684873151953,15,-4.499648120606839
11508,2227,裕日車,TWSE,M22X 汽車買賣,-3.466570534878725,-13.67935548415614,1.0386838720487765,4,-4.505254406927501
11508,1605,華新,TWSE,M16 電纜,14.970687262674398,-8.17850480689286,19.598369292655352,11,-4.627682029980955
11508,6844,諾貝兒,TPEx,M17X 醫藥通路,0.20495823862693072,7.799718782777556,4.846028276568076,11,-4.641070037941145
11508,2114,鑫永銓,TWSE,M21B 橡膠,11.183860478864913,5.321591577296783,15.846473917368748,2,-4.6626134385038345
11508,4577,達航科技,TPEx,M15A 機械,14.003006400223155,-23.801582698044417,18.699479537392047,44,-4.696473137168892
11508,1474,弘裕,TWSE,M14C 成衣,0.6633944320883504,5.626492126934735,5.367630831359371,28,-4.7042363992710206
11508,2705,六福,TWSE,M27A 餐飲飯店,-0.6664248376955559,13.686927826272088,4.04536424457842,40,-4.711789082273976
11508,5601,台聯櫃,TPEx,M26C 貨運倉儲,3.0607124937280483,6.8956544366380434,7.804528243900269,15,-4.743815750172221
11508,1337,再生-KY,TWSE,M13B 塑膠製品,15.918826956500453,-6.973911676881974,20.708674735043566,8,-4.789847778543113
11508,6239,力成,TWSE,M23G 半導體,24.459768182447533,3.4753008204342057,29.27771748942473,163,-4.817949306977198
11508,6128,上福,TWSE,M23C 光電及I/O,4.958710988432169,-16.9236482268728,9.849321993850566,130,-4.890611005418397
11508,7718,友鋮,TPEx,M20A 基本金屬,6.933856530226103,-2.703193775068477,11.847793061266259,53,-4.913936531040156
11508,8917,欣泰,TPEx,M99D 公用事業,10.583403628059951,9.344735345535733,15.499684873151953,15,-4.9162812450920015
11508,6568,宏觀,TPEx,M23G 半導體,24.35377542611788,8.288090944283407,29.27771748942473,163,-4.92394206330685
11508,8215,明基材,TWSE,M23C 光電及I/O,4.878650572050095,-3.942256605787562,9.849321993850566,130,-4.970671421800471
11508,7714,創泓科技,TPEx,M23X 資訊服務,15.11031819516271,-5.329532052413102,20.16137918832383,73,-5.051060993161121
11508,4927,泰鼎-KY,TWSE,M23B 印刷電路板,35.519426974762084,16.108890898588214,40.582840603580124,66,-5.06341362881804
11508,3543,州巧,TWSE,M23D 電子零組件,19.998340169215382,-5.628495266361625,25.08933578159188,195,-5.090995612376499
11508,2250,IKKA-KY,TWSE,M15D 汽車組件,1.7036739894759196,-9.394258966642024,6.816747433041865,54,-5.113073443565945
11508,8906,花王,TPEx,M99C 印刷,-3.351019268360793,8.075193604796402,1.8295725396450813,6,-5.180591808005874
11508,8027,鈦昇,TPEx,M23H 電子設備,37.29177330567454,-19.283240412231795,42.51717000649329,84,-5.225396700818749
11508,6722,輝創,TWSE,M15D 汽車組件,1.5704538347576011,4.6478586839693765,6.816747433041865,54,-5.246293598284264
11508,2812,台中銀,TWSE,M28A 本國銀行,1.760042446658356,7.936272900082451,7.060368875130942,9,-5.300326428472586
11508,5511,德昌,TPEx,M25B 營造,2.5856677022620485,-4.699156476033367,7.954559176920941,17,-5.368891474658892
11508,2328,廣宇,TWSE,M23D 電子零組件,19.666466852484646,5.681220487308872,25.08933578159188,195,-5.422868929107235
11508,8155,博智,TPEx,M23B 印刷電路板,35.13714040691652,0.6892293554269632,40.582840603580124,66,-5.445700196663601
11508,3533,嘉澤,TWSE,M23D 電子零組件,19.58057828451359,-5.063084108681875,25.08933578159188,195,-5.508757497078292
11508,8213,志超,TWSE,M23B 印刷電路板,35.04738452834071,-4.046761645072152,40.582840603580124,66,-5.535456075239416
11508,7689,大鵬科CLMX,TWSE,M23C 光電及I/O,4.299319201982963,-17.001916721617814,9.849321993850566,130,-5.550002791867603
11508,6118,建達,TPEx,M23T 電子通路,29.63824843568012,8.965594854665001,35.1919397058577,57,-5.5536912701775805
11508,2948,寶陞,TPEx,M99B 五金及家具,-1.359692758646512,-7.6397583965221925,4.203265064610972,17,-5.5629578232574834
11508,8016,矽創,TWSE,M23G 半導體,23.692006892465354,-6.27026065786132,29.27771748942473,163,-5.585710596959377
11508,6730,常廣,TPEx,M17G 醫療耗材,3.633810860977583,-4.14254583874447,9.322370286362348,57,-5.688559425384765
11508,3236,千如,TPEx,M23D 電子零組件,19.392006004878965,-10.065547419903314,25.08933578159188,195,-5.697329776712916
11508,3284,太普高,TPEx,M99C 印刷,-3.885749051377704,-9.047936488697655,1.8295725396450813,6,-5.715321591022786
11508,1104,環泥,TWSE,M11A 水泥製造,-14.183306967535245,-21.97019156106056,-8.360217578971142,8,-5.823089388564103
11508,2105,正新,TWSE,M21A 輪胎,4.636488904789254,-2.9876041100832555,10.485149594280998,5,-5.8486606894917434
11508,3652,精聯,TWSE,M23A 電腦及週邊,29.970511106802853,0.3252941825113026,35.82690162998942,65,-5.856390523186569
11508,6953,家碩,TPEx,M23H 電子設備,36.656643655255856,-9.303300466434434,42.51717000649329,84,-5.860526351237432
11508,1524,耿鼎,TWSE,M15D 汽車組件,0.8935477119901,-2.0221879570025494,6.816747433041865,54,-5.923199721051765
11508,6165,浪凡,TWSE,M23E 數位雲端,5.857372209850329,3.4775785320908503,11.881400723492241,20,-6.0240285136419125
11508,2613,中櫃,TWSE,M26C 貨運倉儲,1.7235336146348696,-2.380413338076911,7.804528243900269,15,-6.080994629265399
11508,1459,聯發,TWSE,M14A 人纖,-14.24865008703751,-18.62973055435732,-8.157545288115324,14,-6.091104798922185
11508,6617,共信-KY,TPEx,M17C 藥,7.842227378190255,1.329845214737301,13.935210320845938,75,-6.0929829426556825
11508,2722,夏都,TWSE,M27A 餐飲飯店,-2.101226553299055,-6.6234691361407165,4.04536424457842,40,-6.146590797877475
11508,1720,生達,TWSE,M17C 藥,7.784429068135788,4.444440723207513,13.935210320845938,75,-6.15078125271015
11508,6271,同欣電,TWSE,M23G 半導體,23.09255412735144,3.8657169222547907,29.27771748942473,163,-6.18516336207329
11508,2712,遠雄來,TWSE,M27A 餐飲飯店,-2.241539413949649,9.955755421774136,4.04536424457842,40,-6.286903658528069
11508,8342,益張,TPEx,M20A 基本金屬,5.557709612050361,2.189832717177297,11.847793061266259,53,-6.290083449215898
11508,2496,卓越,TWSE,M99Z 其他,-1.1061620238212422,11.201350360418944,5.206317955870409,27,-6.312479979691651
11508,1584,精剛,TPEx,M20A 基本金屬,5.5272326240068175,7.690930390787663,11.847793061266259,53,-6.3205604372594415
11508,6616,特昇-KY,TPEx,M99B 五金及家具,-2.135102833524227,16.750085398998976,4.203265064610972,17,-6.338367898135198
11508,1203,味王,TWSE,M12Z 其他食品,-2.1148691306482776,6.8361572745390555,4.239960790308601,10,-6.354829920956878
11508,2743,山富,TPEx,M27C 旅行社,0.6234541403487255,-12.363095153319186,6.988488132071125,7,-6.3650339917224
11508,4766,南寶,TWSE,M17F 樹脂,14.169708915756306,-7.343514718196941,20.56055139970624,16,-6.390842483949935
11508,1444,力麗,TWSE,M14A 人纖,-14.561100754344551,-14.138059037793777,-8.157545288115324,14,-6.403555466229227
11508,3592,瑞鼎,TWSE,M23G 半導體,22.845652560060394,5.382781726893861,29.27771748942473,163,-6.432064929364337
11508,4188,安克,TPEx,M17G 醫療耗材,2.8730703259005144,-28.087529976019184,9.322370286362348,57,-6.449299960461834
11508,4102,永日,TPEx,M17C 藥,7.475355969331873,-15.295894878189143,13.935210320845938,75,-6.459854351514065
11508,1476,儒鴻,TWSE,M14C 成衣,-1.1299320308856051,-11.762796528324092,5.367630831359371,28,-6.497562862244976
11508,8069,元太,TPEx,M23C 光電及I/O,3.2911843138148216,19.80617647355351,9.849321993850566,130,-6.5581376800357445
11508,3005,神基,TWSE,M23D 電子零組件,18.388723770836382,6.558643870583498,25.08933578159188,195,-6.700612010755499
11508,6986,和迅,TPEx,M17H 生物科技,4.83578875238608,39.902024820378834,11.542346291878882,11,-6.7065575394928025
11508,6207,雷科,TPEx,M23H 電子設備,35.8085613537419,22.146134901932992,42.51717000649329,84,-6.708608652751387
11508,7811,民盛,TPEx,M99K 鞋及旅行箱,-2.4592064902047444,-15.866887087277503,4.325261712464019,11,-6.784468202668763
11508,6971,惠民實業,TPEx,M99L 資源回收,8.764612888463619,24.15189091966782,15.567574908502475,28,-6.802962020038857
11508,3563,牧德,TWSE,M23H 電子設備,35.677791635986594,0.4167836756483224,42.51717000649329,84,-6.839378370506694
11508,8077,洛碁,TPEx,M27A 餐飲飯店,-2.802077161677064,2.915236724602384,4.04536424457842,40,-6.847441406255484
11508,6290,良維,TPEx,M23D 電子零組件,18.185830032649193,8.044803695662052,25.08933578159188,195,-6.903505748942688
11508,1595,川寶,TPEx,M23H 電子設備,35.61091377251082,-21.60419655667145,42.51717000649329,84,-6.906256233982468
11508,6840,東研信超,TPEx,M23Z 其他電子,10.8023760506681,-6.876866617441233,17.780449485962418,13,-6.978073435294318
11508,4111,濟生,TPEx,M17C 藥,6.872258647976486,-0.5545597603359336,13.935210320845938,75,-7.062951672869452
11508,9910,豐泰,TWSE,M99K 鞋及旅行箱,-2.793276563922958,-0.3241949188816222,4.325261712464019,11,-7.1185382763869764
11508,3492,長盛,TPEx,M23D 電子零組件,17.904774606561748,-7.739671523800827,25.08933578159188,195,-7.184561175030133
11508,3191,雲嘉南,TPEx,M23D 電子零組件,17.85159517266101,15.45124663467166,25.08933578159188,195,-7.237740608930871
11508,1516,川飛,TWSE,M99Z 其他,-2.0522574832315548,29.65809700503578,5.206317955870409,27,-7.258575439101964
11508,8435,鉅邁,TPEx,M99L 資源回收,8.291467071698408,-11.95757143987968,15.567574908502475,28,-7.2761078368040675
11508,2723,美食-KY,TWSE,M27A 餐飲飯店,-3.235769382392474,3.783042365225824,4.04536424457842,40,-7.2811336269708935
11508,6146,耕興,TPEx,M23Z 其他電子,10.46331573794219,0.011562503763835861,17.780449485962418,13,-7.317133748020227
11508,1108,幸福,TWSE,M11A 水泥製造,-15.696382027238677,-6.34663929293125,-8.360217578971142,8,-7.336164448267535
11508,8929,富堡,TPEx,M14F 不織布,-3.043066039455931,6.588494688314292,4.360305225239183,5,-7.403371264695114
11508,6024,群益期,TWSE,M30C 期貨,7.8009701602234305,-46.43754443027004,15.22871440442401,2,-7.42774424420058
11508,2228,劍麟,TWSE,M15D 汽車組件,-0.6228413887822908,-8.99399336912342,6.816747433041865,54,-7.439588821824156
11508,6506,雙邦,TPEx,M17F 樹脂,13.09907652708466,-3.095178044588864,20.56055139970624,16,-7.461474872621581
11508,2450,神腦,TWSE,M23T 電子通路,27.642117309427462,17.314616980235677,35.1919397058577,57,-7.549822396430237
11508,4554,橙的,TPEx,M15D 汽車組件,-0.7413303013075612,-2.943988615391457,6.816747433041865,54,-7.5580777343494265
11508,5016,松和,TPEx,M20A 基本金屬,4.235735185441087,-7.588767324675878,11.847793061266259,53,-7.612057875825172
11508,1441,大東,TWSE,M14B 棉紡,-13.264216249206974,20.909457281031703,-5.6395574244728754,3,-7.624658824734099
11508,3209,全科,TWSE,M23T 電子通路,27.44356183968248,-18.632697378625718,35.1919397058577,57,-7.748377866175218
11508,3211,順達,TPEx,M23D 電子零組件,17.340478611401327,36.46637346467741,25.08933578159188,195,-7.748857170190554
11508,8940,新天地,TWSE,M27A 餐飲飯店,-3.7575863170427155,-14.738114838444124,4.04536424457842,40,-7.802950561621135
11508,1604,聲寶,TWSE,M15C 家電製品,3.401385419165355,-11.67821474172374,11.219507352700457,22,-7.818121933535102
11508,3605,宏致,TWSE,M23D 電子零組件,17.241795702027165,-4.941884896137934,25.08933578159188,195,-7.847540079564716
11508,4528,江興鍛,TPEx,M15D 汽車組件,-1.0756771555492755,-12.07287684566656,6.816747433041865,54,-7.89242458859114
11508,3444,利機,TPEx,M23T 電子通路,27.285156060620753,-4.333916338726133,35.1919397058577,57,-7.9067836452369455
11508,6804,明係,TPEx,M99Z 其他,-2.743720216460706,-7.812858870906001,5.206317955870409,27,-7.950038172331115
11508,3303,岱稜,TPEx,M13A 石化,-1.4085637885653246,-18.430279574861366,6.645585813622416,30,-8.05414960218774
11508,6204,艾華,TPEx,M23D 電子零組件,17.026441834525293,-22.80959903057581,25.08933578159188,195,-8.062893947066588
11508,2524,京城,TWSE,M25A 建設,14.061521049334061,-77.05879961789394,22.16517290505406,74,-8.103651855719999
11508,6485,點序,TPEx,M23G 半導體,21.16392306866639,8.327153762268265,29.27771748942473,163,-8.113794420758342
11508,1737,臺鹽,TWSE,M12Z 其他食品,-3.875150731374845,-0.7126559611829945,4.239960790308601,10,-8.115111521683446
11508,7757,金色三麥,TPEx,M27A 餐飲飯店,-4.078392633491506,14.863594596592769,4.04536424457842,40,-8.123756878069926
11508,6573,虹揚-KY,TWSE,M23D 電子零組件,16.949804122578993,-16.094248676762238,25.08933578159188,195,-8.139531659012889
11508,5481,新華,TPEx,M99Z 其他,-3.1222896790980053,16.868170192978376,5.206317955870409,27,-8.328607634968414
11508,5007,三星,TWSE,M20A 基本金屬,3.507039906689994,-7.494336574097342,11.847793061266259,53,-8.340753154576266
11508,6637,醫影,TPEx,M17G 醫療耗材,0.898865938569732,-13.993926040612159,9.322370286362348,57,-8.423504347792615
11508,4116,明基醫,TPEx,M17G 醫療耗材,0.869414014953921,-3.186012604973842,9.322370286362348,57,-8.452956271408427
11508,6585,鼎基,TWSE,M17F 樹脂,12.093962779838481,-4.536216098833797,20.56055139970624,16,-8.46658861986776
11508,5906,台南-KY,TWSE,M29A 百貨批發,-5.6371181609054855,-6.916204907836707,2.8430848467719483,24,-8.480203007677433
11508,2836,高雄銀,TWSE,M28A 本國銀行,-1.5414168461493685,-26.486976083558904,7.060368875130942,9,-8.601785721280311
11508,3354,律勝,TPEx,M23B 印刷電路板,31.90808609656777,-26.511100307891752,40.582840603580124,66,-8.674754507012352
11508,3013,晟銘電,TWSE,M23D 電子零組件,16.382499777124007,13.985018390489577,25.08933578159188,195,-8.706836004467874
11508,1813,寶利徠,TPEx,M17G 醫療耗材,0.5800566772936592,-0.2809605338250143,9.322370286362348,57,-8.74231360906869
11508,6752,叡揚,TPEx,M23X 資訊服務,11.398891173306684,-1.6073536852757633,20.16137918832383,73,-8.762488015017148
11508,2617,台航,TWSE,M26A 海運,22.294523053907632,-0.7192281882886153,31.062250846303606,12,-8.767727792395974
11508,1587,吉茂,TWSE,M15D 汽車組件,-1.9639159462546312,-11.159168458298797,6.816747433041865,54,-8.780663379296495
11508,5471,松翰,TWSE,M23G 半導體,20.442707757121426,-13.802692003167062,29.27771748942473,163,-8.835009732303305
11508,9935,慶豐富,TWSE,M99B 五金及家具,-4.679800788399268,-8.689037239333098,4.203265064610972,17,-8.88306585301024
11508,6625,必應,TWSE,M99H 電視廣播,-12.354731824208383,0.4043187627845859,-3.412680420161717,7,-8.942051404046666
11508,4126,太醫,TPEx,M17G 醫療耗材,0.3747913451544833,-0.7315314994615857,9.322370286362348,57,-8.947578941207865
11508,3552,同致,TPEx,M15D 汽車組件,-2.1448269754061062,0.6709490528009099,6.816747433041865,54,-8.961574408447971
11508,2439,美律,TWSE,M23U 消費性電子,-6.70298191510597,12.880819373999756,2.398733541059403,27,-9.101715456165373
11508,1726,永記,TWSE,M17B 染料及顏料,0.15144659694931775,-11.626791140702654,9.254815718380485,6,-9.103369121431166
11508,3611,鼎翰,TPEx,M23A 電腦及週邊,26.656778992975468,3.7047271990124298,35.82690162998942,65,-9.170122637013954
11508,4764,雙鍵,TWSE,M17Z 其他化學,22.74541430489431,-8.958328376876514,31.91683473311466,18,-9.171420428220348
11508,6579,研揚,TWSE,M23A 電腦及週邊,26.581888048528153,7.770802946863022,35.82690162998942,65,-9.245013581461269
11508,6742,澤米,TWSE,M23U 消費性電子,-6.885390613505958,2.9373495543556047,2.398733541059403,27,-9.284124154565362
11508,2614,東森,TWSE,M29A 百貨批發,-6.449968078852608,-4.216464598524399,2.8430848467719483,24,-9.293052925624556
11508,6182,合晶,TPEx,M23G 半導體,19.9699020023529,1.0161289349351645,29.27771748942473,163,-9.307815487071831
11508,3705,永信,TWSE,M17C 藥,4.594724569373681,-12.030467083179863,13.935210320845938,75,-9.340485751472258
11508,5285,界霖,TWSE,M23G 半導體,19.926592779660574,-9.049576183584866,29.27771748942473,163,-9.351124709764157
11508,6109,亞元,TPEx,M23D 電子零組件,15.628821765425274,-8.636026686434397,25.08933578159188,195,-9.460514016166607
11508,5287,數字,TPEx,M23E 數位雲端,2.3073819284970636,3.1614636964110807,11.881400723492241,20,-9.574018794995178
11508,3402,漢科,TPEx,M23H 電子設備,32.84345231390374,1.5914357716656193,42.51717000649329,84,-9.673717692589548
11508,8048,德勝,TPEx,M23K 通信網路,17.140704033979972,-16.974459406966204,26.817191653679874,74,-9.676487619699902
11508,1733,五鼎,TWSE,M17G 醫療耗材,-0.3669312565523439,2.656276303237753,9.322370286362348,57,-9.689301542914691
11508,6792,詠業,TWSE,M23D 電子零組件,15.394922425952045,-2.7466363548562045,25.08933578159188,195,-9.694413355639837
11508,6140,訊達電腦,TPEx,M23X 資訊服務,10.370974913057513,-37.29320290251253,20.16137918832383,73,-9.790404275266319
11508,3481,群創,TWSE,M23C 光電及I/O,0.022929206689571976,-1.0251108918680745,9.849321993850566,130,-9.826392787160994
11508,1522,堤維西,TWSE,M15D 汽車組件,-3.0387391724967747,-8.217675989696716,6.816747433041865,54,-9.85548660553864
11508,5392,能率,TPEx,M23D 電子零組件,15.144461200782406,-9.536607339768103,25.08933578159188,195,-9.944874580809476
11508,2453,凌群,TWSE,M23X 資訊服務,10.05037560760053,6.000888717879744,20.16137918832383,73,-10.1110035807233
11508,2498,宏達電,TWSE,M23U 消費性電子,-7.712817820445511,37.70522074869901,2.398733541059403,27,-10.111551361504914
11508,6982,大井泵浦,TPEx,M15Z 其他電製品,-10.676209279368214,-22.713587153808376,-0.5053297359458623,9,-10.170879543422352
11508,9951,皇田,TPEx,M15D 汽車組件,-3.359031502758557,-10.575196570710451,6.816747433041865,54,-10.175778935800421
11508,6582,申豐,TWSE,M21C 橡膠原料,6.735657225853304,10.668737352345993,16.964632724446172,5,-10.228975498592868
11508,6664,群翊,TPEx,M23H 電子設備,32.275160239470324,0.20601820676802568,42.51717000649329,84,-10.242009767022964
11508,6244,茂迪,TPEx,M23C 光電及I/O,-0.4085137079479831,-19.146166406202756,9.849321993850566,130,-10.25783570179855
11508,3522,御嵿,TPEx,M27A 餐飲飯店,-6.251208975433619,-0.502976801478136,4.04536424457842,40,-10.29657322001204
11508,1531,高林股,TWSE,M15A 機械,8.297438807356013,-10.134836270243277,18.699479537392047,44,-10.402040730036035
11508,2633,台灣高鐵,TWSE,M26B 陸運,-1.572249872878074,2.2525940087668053,8.835378430947415,2,-10.40762830382549
11508,2634,漢翔,TWSE,M22B 機車船製造,13.152590617859552,-3.552133166204058,23.571776912366506,11,-10.419186294506954
11508,6561,是方,TPEx,M23K 通信網路,16.375621415841618,0.17540342788413352,26.817191653679874,74,-10.441570237838256
11508,9937,全國,TWSE,M99D 公用事業,5.035063750138893,-2.441416328664535,15.499684873151953,15,-10.46462112301306
11508,1477,聚陽,TWSE,M14C 成衣,-5.116268514859944,18.493190648181212,5.367630831359371,28,-10.483899346219314
11508,8473,山林水,TWSE,M99L 資源回收,4.9802121445582666,-18.784574208914904,15.567574908502475,28,-10.58736276394421
11508,3030,德律,TWSE,M23H 電子設備,31.881394189510655,-3.488647766760305,42.51717000649329,84,-10.635775816982633
11508,9908,大台北,TWSE,M99D 公用事業,4.842315057251162,1.7611269999013799,15.499684873151953,15,-10.65736981590079
11508,4571,鈞興-KY,TWSE,M15D 汽車組件,-4.012413362306706,-11.70492715175114,6.816747433041865,54,-10.829160795348571
11508,5701,劍湖山,TPEx,M27A 餐飲飯店,-6.893928917162218,27.355702158851766,4.04536424457842,40,-10.939293161740638
11508,7791,皇家可口,TWSE,M12Z 其他食品,-6.797984393286405,1.0022016069849276,4.239960790308601,10,-11.037945183595006
11508,4763,材料*-KY,TWSE,M17Z 其他化學,20.823040868540726,-1.7820154994828783,31.91683473311466,18,-11.093793864573932
11508,3085,新零售,TPEx,M23E 數位雲端,0.7831620166421929,53.85764991593499,11.881400723492241,20,-11.098238706850049
11508,1503,士電,TWSE,M15B 電機製品,-0.3840501931974751,-4.207485133720794,10.714814018047969,14,-11.098864211245443
11508,4137,麗豐-KY,TWSE,M17Y 化妝美容,-10.712890806628602,-9.579133404696805,0.4069472833029337,8,-11.119838089931536
11508,2349,錸德,TWSE,M23C 光電及I/O,-1.2743514363437127,-26.63458335882325,9.849321993850566,130,-11.123673430194279
11508,1611,中電,TWSE,M15C 家電製品,0.08504030170820084,-8.572297091903941,11.219507352700457,22,-11.134467050992257
11508,4506,崇友,TPEx,M15Z 其他電製品,-11.647511127610072,-1.21010496206735,-0.5053297359458623,9,-11.14218139166421
11508,4904,遠傳,TWSE,M23K 通信網路,15.651609823935727,3.184026411386571,26.817191653679874,74,-11.165581829744147
11508,2504,國產,TWSE,M11B 預拌混凝土,-8.07209921701119,-6.247545796577357,3.12297284774349,3,-11.19507206475468
11508,6542,隆中,TPEx,M23X 資訊服務,8.902046328035732,-3.5738687128816946,20.16137918832383,73,-11.259332860288099
11508,6546,正基,TPEx,M23K 通信網路,15.553537858020057,-7.143291442362108,26.817191653679874,74,-11.263653795659817
11508,4438,廣越,TWSE,M14C 成衣,-5.9146926295119115,19.98676334315218,5.367630831359371,28,-11.282323460871282
11508,6789,采鈺,TWSE,M23G 半導體,17.992794713554545,0.4368693218467459,29.27771748942473,163,-11.284922775870186
11508,3609,三一東林,TPEx,M15C 家電製品,-0.09088155104513784,-42.53754747883054,11.219507352700457,22,-11.310388903745595
11508,2461,光群雷,TWSE,M13A 石化,-4.683718279641983,-11.020730890633443,6.645585813622416,30,-11.3293040932644
11508,5225,東科-KY,TWSE,M23U 消費性電子,-8.967064082884173,5.491114299241834,2.398733541059403,27,-11.365797623943577
11508,8182,加高,TPEx,M23D 電子零組件,13.684929670643276,0.21115701849339086,25.08933578159188,195,-11.404406110948605
11508,6158,禾昌,TPEx,M23D 電子零組件,13.680492521409684,2.586125026710036,25.08933578159188,195,-11.408843260182197
11508,1809,中釉,TWSE,M18 玻璃陶瓷,-4.1293800051549425,5.175039561867816,7.346100003793483,6,-11.475480008948425
11508,2008,高興昌,TWSE,M20A 基本金屬,0.37050509949746036,-6.385438460910159,11.847793061266259,53,-11.477287961768798
11508,6767,台微醫,TPEx,M17G 醫療耗材,-2.184006878761823,10.01083088349064,9.322370286362348,57,-11.50637716512417
11508,3010,華立,TWSE,M23T 電子通路,23.632875331333388,-6.489691888341797,35.1919397058577,57,-11.559064374524311
11508,8341,日友,TWSE,M99L 資源回收,3.971945009635156,3.4986805267176595,15.567574908502475,28,-11.595629898867319
11508,6516,勤崴國際,TPEx,M23K 通信網路,15.206729060537851,10.940494660947339,26.817191653679874,74,-11.610462593142023
11508,6790,永豐實,TWSE,M19A 造紙,-4.102506783335862,-0.023067639312489223,7.607112977872289,6,-11.70961976120815
11508,3617,碩天,TWSE,M23D 電子零組件,13.30642285326325,0.6079729105741112,25.08933578159188,195,-11.782912928328631
11508,1783,和康生,TWSE,M17G 醫療耗材,-2.465199692561701,7.4698492856358705,9.322370286362348,57,-11.787569978924049
11508,8436,大江,TPEx,M17C 藥,2.0473206770784627,6.285832282999792,13.935210320845938,75,-11.887889643767476
11508,6509,聚和,TPEx,M17Z 其他化學,20.01623087869086,-6.550154080537378,31.91683473311466,18,-11.9006038544238
11508,5284,jpp-KY,TWSE,M23D 電子零組件,13.16863560706133,-13.868151665751615,25.08933578159188,195,-11.920700174530552
11508,6690,安碁資訊,TPEx,M23X 資訊服務,8.207478438939866,4.221151749054117,20.16137918832383,73,-11.953900749383966
11508,9960,邁達康,TPEx,M29A 百貨批發,-9.225618687108863,2.2695126655522695,2.8430848467719483,24,-12.06870353388081
11508,3419,譁裕,TWSE,M23K 通信網路,14.743520299000624,-5.883038987004332,26.817191653679874,74,-12.07367135467925
11508,5210,寶碩,TPEx,M23X 資訊服務,8.065018695471542,-16.813911653008194,20.16137918832383,73,-12.09636049285229
11508,6248,沛波,TPEx,M20A 基本金屬,-0.248953419685127,-7.358188733971097,11.847793061266259,53,-12.096746480951387
11508,6527,明達醫,TPEx,M17G 醫療耗材,-2.8495481127060076,-12.510772177005677,9.322370286362348,57,-12.171918399068357
11508,9912,偉聯,TWSE,M23C 光電及I/O,-2.3557444964934606,-4.393127949520123,9.849321993850566,130,-12.205066490344027
11508,5515,建國,TWSE,M25B 營造,-4.37832255975924,-8.580066916469045,7.954559176920941,17,-12.33288173668018
11508,5478,智冠,TPEx,M23X 資訊服務,7.805327765661981,0.7376868197300457,20.16137918832383,73,-12.35605142266185
11508,6229,研通,TPEx,M23G 半導體,16.850357137979543,3.8030840407161315,29.27771748942473,163,-12.427360351445188
11508,6236,中湛,TPEx,M23X 資訊服務,7.689194658033185,3.8641686182669788,20.16137918832383,73,-12.472184530290647
11508,6771,平和環保-創,TWSE,M99L 資源回收,3.0824343743042766,-2.0632631477742525,15.567574908502475,28,-12.485140534198198
11508,4198,欣大健康,TPEx,M17G 醫療耗材,-3.165104062770131,-31.16048215551879,9.322370286362348,57,-12.48747434913248
11508,1434,福懋,TWSE,M14C 成衣,-7.165985616177014,-5.841690507804624,5.367630831359371,28,-12.533616447536385
11508,1586,和勤,TPEx,M23D 電子零組件,12.520794650810858,-4.347905423591184,25.08933578159188,195,-12.568541130781023
11508,3485,敘豐,TPEx,M23H 電子設備,29.910874191441394,7.166197378941148,42.51717000649329,84,-12.606295815051894
11508,3663,鑫科,TPEx,M99L 資源回收,2.895188345568224,-3.782176953163555,15.567574908502475,28,-12.672386562934252
11508,8488,吉源-KY,TWSE,M20B 金屬製品,24.98128421100391,21.703263757834343,37.664156804152086,11,-12.682872593148176
11508,8367,建新國際,TWSE,M26C 貨運倉儲,-5.0123995950288736,-15.03275398538377,7.804528243900269,15,-12.816927838929143
11508,6859,伯特光,TPEx,M23U 消費性電子,-10.459770114942529,-3.3569291396044663,2.398733541059403,27,-12.858503656001933
11508,4747,強生*,TPEx,M17C 藥,1.0542799797084188,-15.885808702037819,13.935210320845938,75,-12.88093034113752
11508,1521,大億,TWSE,M15D 汽車組件,-6.0740081057215525,-17.51082889517099,6.816747433041865,54,-12.890755538763418
11508,2606,裕民,TWSE,M26A 海運,18.15606619816204,-1.8192947604378913,31.062250846303606,12,-12.906184648141565
11508,6120,達運,TWSE,M23C 光電及I/O,-3.0908291445455935,33.67603269449829,9.849321993850566,130,-12.94015113839616
11508,2471,資通,TWSE,M23X 資訊服務,7.162610619469026,1.1005431559972487,20.16137918832383,73,-12.998768568854805
11508,4772,台特化,TPEx,M17Z 其他化學,18.88907650630272,-0.10425084356821644,31.91683473311466,18,-13.027758226811937
11508,6951,青新-創,TWSE,M99L 資源回收,2.513955824569881,-3.0602551615502085,15.567574908502475,28,-13.053619083932595
11508,6914,阜爾運通,TWSE,M23X 資訊服務,7.0307749425541095,5.12177142136302,20.16137918832383,73,-13.130604245769721
11508,2493,揚博,TWSE,M23H 電子設備,29.353931680575485,1.0677981439214936,42.51717000649329,84,-13.163238325917803
11508,6909,創控,TWSE,M23H 電子設備,29.348336678481445,98.6457240293809,42.51717000649329,84,-13.168833328011843
11508,3630,新鉅科,TPEx,M23U 消費性電子,-10.794148704888503,0.8508845336813338,2.398733541059403,27,-13.192882245947906
11508,6570,維田,TPEx,M23A 電腦及週邊,22.600297527686603,-2.906993052763467,35.82690162998942,65,-13.226604102302819
11508,4552,力達-KY,TWSE,M15Z 其他電製品,-13.84070339115593,-1.5776472781506339,-0.5053297359458623,9,-13.335373655210068
11508,8279,生展,TPEx,M17C 藥,0.5678205034412511,0.36618104619946756,13.935210320845938,75,-13.367389817404687
11508,8083,瑞穎,TPEx,M15A 機械,5.295065247023611,-16.363305975347526,18.699479537392047,44,-13.404414290368436
11508,1467,南緯,TWSE,M14C 成衣,-8.044344968739217,-2.562846100986358,5.367630831359371,28,-13.411975800098588
11508,2312,金寶,TWSE,M23A 電腦及週邊,22.383911766974915,-16.041218654993855,35.82690162998942,65,-13.442989863014507
11508,3363,上詮,TPEx,M23K 通信網路,13.197373811184553,19.690007784925342,26.817191653679874,74,-13.619817842495321
11508,9939,宏全,TWSE,M13B 塑膠製品,7.083775768764128,1.6108336317814744,20.708674735043566,8,-13.624898966279439
11508,8249,菱光,TWSE,M23C 光電及I/O,-3.8170801158813314,-21.306047793106842,9.849321993850566,130,-13.666402109731898
11508,8354,冠好,TPEx,M13A 石化,-7.0325900514579756,-14.41328614211816,6.645585813622416,30,-13.67817586508039
11508,4533,協易機,TPEx,M15A 機械,4.93470388118667,-14.872654702465297,18.699479537392047,44,-13.764775656205376
11508,6231,系微,TPEx,M23X 資訊服務,6.389511685350561,38.704531267030646,20.16137918832383,73,-13.77186750297327
11508,6111,光聚晶電,TPEx,M23X 資訊服務,6.319217772369622,-9.99774668767438,20.16137918832383,73,-13.842161415954209
11508,6294,智基,TPEx,M99Z 其他,-8.70266860320115,-20.200297496922445,5.206317955870409,27,-13.90898655907156
11508,2235,謚源,TPEx,M15D 汽車組件,-7.104260961457939,60.45598567295771,6.816747433041865,54,-13.921008394499804
11508,6615,慧智,TPEx,M17H 生物科技,-2.4380842247277634,-9.789711298562434,11.542346291878882,11,-13.980430516606646
11508,1537,廣隆,TWSE,M23D 電子零組件,10.982413417436442,-0.010557571758495546,25.08933578159188,195,-14.106922364155439
11508,5469,瀚宇博,TWSE,M23B 印刷電路板,26.409668850860886,-0.7042382834225986,40.582840603580124,66,-14.173171752719238
11508,7768,頌勝科技,TWSE,M17F 樹脂,6.360975277686382,3.1405749744199096,20.56055139970624,16,-14.19957612201986
11508,6692,進能服,TPEx,M23C 光電及I/O,-4.405563450830557,-22.992324005780457,9.849321993850566,130,-14.254885444681122
11508,1614,三洋電,TWSE,M15C 家電製品,-3.104509887880738,-20.873932442041273,11.219507352700457,22,-14.324017240581195
11508,6115,鎰勝,TWSE,M23D 電子零組件,10.76371827919599,-1.735584854540821,25.08933578159188,195,-14.325617502395891
11508,2423,固緯,TWSE,M23H 電子設備,28.149700598802394,6.55518489803757,42.51717000649329,84,-14.367469407690894
11508,1229,聯華,TWSE,M12B 油脂飼料,-13.12918865315421,-58.00226453858957,1.2417645099363464,12,-14.370953163090558
11508,6242,立康,TPEx,M17C 藥,-0.5026341253628642,-11.998383415747432,13.935210320845938,75,-14.437844446208802
11508,2367,燿華,TWSE,M23B 印刷電路板,26.12946199475075,-10.504796139549025,40.582840603580124,66,-14.453378608829375
11508,6523,達爾膚,TPEx,M17Y 化妝美容,-14.047247233943583,55.900538768426,0.4069472833029337,8,-14.454194517246517
11508,1295,生合,TPEx,M17C 藥,-0.621348418807382,-4.63768115942029,13.935210320845938,75,-14.55655873965332
11508,6183,關貿,TWSE,M23X 資訊服務,5.565872206941167,-34.58177350415025,20.16137918832383,73,-14.595506981382664
11508,5706,鳳凰,TWSE,M27C 旅行社,-7.7087295734192445,-29.036119806865813,6.988488132071125,7,-14.69721770549037
11508,6144,得利影,TPEx,M23E 數位雲端,-2.877017626798136,15.472940420748355,11.881400723492241,20,-14.758418350290377
11508,5348,正能量智能,TPEx,M29A 百貨批發,-11.947338777809067,-6.008341787848044,2.8430848467719483,24,-14.790423624581015
11508,6683,雍智科技,TPEx,M23B 印刷電路板,25.735179207509955,1.359728575586573,40.582840603580124,66,-14.847661396070169
11508,9926,新海,TWSE,M99D 公用事業,0.625,-1.2047464703620283,15.499684873151953,15,-14.874684873151953
11508,2424,隴華,TWSE,M23K 通信網路,11.852704257767549,-35.98419362805631,26.817191653679874,74,-14.964487395912325
11508,3716,中化控股,TWSE,M17C 藥,-1.1883795932795085,-5.682545986029145,13.935210320845938,75,-15.123589914125446
11508,4128,中天,TPEx,M17C 藥,-1.291872448360242,1.6100284780363967,13.935210320845938,75,-15.22708276920618
11508,3530,晶相光,TWSE,M23G 半導體,14.045652856346619,3.230613996427826,29.27771748942473,163,-15.232064633078112
11508,1219,福壽,TWSE,M12B 油脂飼料,-14.367353397369465,11.556069516051576,1.2417645099363464,12,-15.609117907305812
11508,3580,友威科,TPEx,M23H 電子設備,26.860035572581747,55.99259757738896,42.51717000649329,84,-15.65713443391154
11508,8477,創業家,TPEx,M23E 數位雲端,-3.7842506084635312,-9.64388409643884,11.881400723492241,20,-15.665651331955772
11508,2409,友達,TWSE,M23C 光電及I/O,-5.8591638763645015,13.409766711171503,9.849321993850566,130,-15.708485870215068
11508,1580,新麥,TPEx,M15H 儀器設備,-10.070892009759659,-14.993575803251597,5.66321072986094,5,-15.7341027396206
11508,9938,百和,TWSE,M14Z 其他紡織,-3.176222553330766,-2.5026866948374855,12.75986290062482,5,-15.936085453955585
11508,5236,凌陽創新,TWSE,M23G 半導體,13.223975893594018,-2.1415537738457284,29.27771748942473,163,-16.053741595830715
11508,6530,創威,TPEx,M23K 通信網路,10.679678372620439,-0.26628684666831803,26.817191653679874,74,-16.137513281059434
11508,4535,至興,TPEx,M15D 汽車組件,-9.435702268167383,-9.059329460550924,6.816747433041865,54,-16.252449701209247
11508,8404,百和興業-KY,TWSE,M14Z 其他紡織,-3.6026875638089457,-2.7351379192738965,12.75986290062482,5,-16.362550464433767
11508,3531,先益,TPEx,M23C 光電及I/O,-6.577032515910424,23.564646566212275,9.849321993850566,130,-16.42635450976099
11508,3628,盈正,TPEx,M23D 電子零組件,8.640946921196601,-20.540025700306753,25.08933578159188,195,-16.44838886039528
11508,7805,威聯通,TPEx,M23A 電腦及週邊,19.253780237590302,-5.279789650633119,35.82690162998942,65,-16.57312139239912
11508,6671,三能-KY,TWSE,M99Z 其他,-11.406050915631948,-5.693770361013231,5.206317955870409,27,-16.612368871502355
11508,1712,興農,TWSE,M17C 藥,-2.7131621655361826,-7.739809992756658,13.935210320845938,75,-16.648372486382122
11508,6967,汎瑋材料,TPEx,M23Z 其他電子,1.124241553057241,-11.658647491143658,17.780449485962418,13,-16.656207932905176
11508,2104,國際中橡,TWSE,M21C 橡膠原料,0.27948472848104144,-21.660218479745108,16.964632724446172,5,-16.68514799596513
11508,1527,鑽全,TWSE,M15A 機械,1.998211815513344,-14.20320908732932,18.699479537392047,44,-16.701267721878704
11508,8086,宏捷科,TPEx,M23G 半導體,12.557871297438444,0.7140758224772625,29.27771748942473,163,-16.719846191986285
11508,7765,中華資安,TWSE,M23X 資訊服務,3.3477169529289,-30.363395364084244,20.16137918832383,73,-16.813662235394933
11508,6721,信實,TPEx,M99Z 其他,-11.700077796999071,-1.772503195179843,5.206317955870409,27,-16.90639575286948
11508,6843,進典,TPEx,M15Z 其他電製品,-17.459509995325433,-5.566741120583886,-0.5053297359458623,9,-16.95418025937957
11508,1539,巨庭,TWSE,M15A 機械,1.7348191245687115,-8.569443238078694,18.699479537392047,44,-16.964660412823335
11508,4120,友華,TPEx,M17C 藥,-3.0533835703385597,-9.302243312765,13.935210320845938,75,-16.988593891184497
11508,2032,新鋼,TWSE,M20A 基本金屬,-5.264105324462171,1.7989213299046491,11.847793061266259,53,-17.11189838572843
11508,3163,波若威,TPEx,M23K 通信網路,9.69016916881047,-2.3673737527610634,26.817191653679874,74,-17.127022484869403
11508,4919,新唐,TWSE,M23G 半導體,12.097435203326537,-1.5660978720568688,29.27771748942473,163,-17.180282286098194
11508,6754,匯僑設計,TWSE,M25C 工程承攬,-7.789434515544991,6.280865827468226,9.42002029759555,6,-17.20945481314054
11508,3095,及成,TPEx,M23D 電子零組件,7.631471667346107,-0.536834372468873,25.08933578159188,195,-17.457864114245773
11508,6492,生華科,TPEx,M17C 藥,-3.6144578313253013,0.0,13.935210320845938,75,-17.54966815217124
11508,6791,虎門科技,TPEx,M23X 資訊服務,2.593879675655068,-4.014047795428979,20.16137918832383,73,-17.567499512668764
11508,6217,中探針,TPEx,M23B 印刷電路板,22.996264134221175,-0.603808308648973,40.582840603580124,66,-17.58657646935895
11508,5483,中美晶,TPEx,M23G 半導體,11.679851232801411,-4.015464573856073,29.27771748942473,163,-17.59786625662332
11508,3685,元創精密,TPEx,M15D 汽車組件,-10.80164020910268,-15.901743121340237,6.816747433041865,54,-17.618387642144548
11508,2380,虹光,TWSE,M23C 光電及I/O,-7.817233446461517,1.495179913128091,9.849321993850566,130,-17.666555440312084
11508,6235,華孚,TWSE,M23D 電子零組件,7.298593688036683,-2.1221287456281313,25.08933578159188,195,-17.7907420935552
11508,1713,國化,TWSE,M17B 染料及顏料,-8.604102805941995,16.542890646140894,9.254815718380485,6,-17.85891852432248
11508,7743,金利食安,TPEx,M12C 飲料乳品,-16.559250665979203,-2.4382075155737155,1.3080196339671886,7,-17.86727029994639
11508,5543,桓鼎-KY,TPEx,M23D 電子零組件,7.2073517063091455,-16.988354933446328,25.08933578159188,195,-17.881984075282737
11508,1305,華夏,TWSE,M13A 石化,-11.244004511495337,20.1463021205707,6.645585813622416,30,-17.88959032511775
11508,6496,科懋,TPEx,M17C 藥,-3.9585310651967585,-25.23302869094712,13.935210320845938,75,-17.893741386042695
11508,7642,昶瑞機電,TPEx,M15C 家電製品,-6.722175881792183,-15.927611529528642,11.219507352700457,22,-17.94168323449264
11508,2527,宏璟,TWSE,M25A 建設,4.178486544506632,-26.452846755714862,22.16517290505406,74,-17.986686360547427
11508,2010,春源,TWSE,M20A 基本金屬,-6.237920250453278,-4.93954751857321,11.847793061266259,53,-18.085713311719537
11508,1109,信大,TWSE,M11A 水泥製造,-26.473091967142665,-8.021311638195222,-8.360217578971142,8,-18.112874388171523
11508,7823,奧義賽博-KY創,TWSE,M23X 資訊服務,1.9959502458779288,-7.0025056046419625,20.16137918832383,73,-18.165428942445903
11508,6462,神盾,TPEx,M23G 半導體,11.097963102095333,-33.15724973066366,29.27771748942473,163,-18.179754387329396
11508,3045,台灣大,TWSE,M23K 通信網路,8.499575061975785,3.783275167725471,26.817191653679874,74,-18.317616591704088
11508,3228,金麗科,TPEx,M23G 半導體,10.792502213155768,-16.024855592508313,29.27771748942473,163,-18.485215276268963
11508,2915,潤泰全,TWSE,M29A 百貨批發,-15.645887473665073,13.101519931172929,2.8430848467719483,24,-18.48897232043702
11508,5223,安力-KY,TPEx,M23D 電子零組件,6.534734384121425,-8.21837201699902,25.08933578159188,195,-18.554601397470456
11508,3008,大立光,TWSE,M23U 消費性電子,-16.23206393579812,2.7644194788807654,2.398733541059403,27,-18.630797476857524
11508,8111,立碁,TPEx,M23C 光電及I/O,-8.802949566715109,11.600717943651304,9.849321993850566,130,-18.652271560565673
11508,2012,春雨,TWSE,M20A 基本金屬,-6.830306806717703,-2.99300098706009,11.847793061266259,53,-18.67809986798396
11508,3339,泰谷,TPEx,M23C 光電及I/O,-8.832982086406744,2.7920515638459027,9.849321993850566,130,-18.68230408025731
11508,8081,致新,TWSE,M23G 半導體,10.566033068414043,-4.056793680474728,29.27771748942473,163,-18.711684421010688
11508,3052,夆典,TWSE,M25B 營造,-10.79426498806199,-44.55353130293497,7.954559176920941,17,-18.74882416498293
11508,2022,聚亨,TWSE,M20A 基本金屬,-6.931323911384697,-19.781302661969118,11.847793061266259,53,-18.779116972650957
11508,1515,力山,TWSE,M15C 家電製品,-7.589731857970212,5.9597879409842704,11.219507352700457,22,-18.80923921067067
11508,3050,鈺德,TWSE,M23C 光電及I/O,-9.006371153585468,1.0274419304670646,9.849321993850566,130,-18.855693147436035
11508,8443,阿瘦,TWSE,M99K 鞋及旅行箱,-14.58655159010953,15.361214682801416,4.325261712464019,11,-18.91181330257355
11508,6906,現觀科,TWSE,M23X 資訊服務,1.1961078420060767,12.094747156307246,20.16137918832383,73,-18.965271346317756
11508,3413,京鼎,TWSE,M23H 電子設備,23.54138354194384,4.017521416143346,42.51717000649329,84,-18.975786464549447
11508,2429,銘旺科,TWSE,M23C 光電及I/O,-9.206685272511468,-18.55017410572966,9.849321993850566,130,-19.056007266362034
11508,3227,原相,TPEx,M23G 半導體,10.133794164900296,-8.655525794806103,29.27771748942473,163,-19.143923324524437
11508,3416,融程電,TWSE,M23A 電腦及週邊,16.65176119420153,-14.18710520860217,35.82690162998942,65,-19.175140435787892
11508,9934,成霖,TWSE,M99B 五金及家具,-15.053887679973297,-19.740761206501524,4.203265064610972,17,-19.257152744584268
11508,6124,業強,TPEx,M23D 電子零組件,5.645289654597409,-23.512852031520953,25.08933578159188,195,-19.444046126994472
11508,2067,嘉鋼,TPEx,M15A 機械,-0.8858426021007831,6.079184322033898,18.699479537392047,44,-19.58532213949283
11508,8102,傑霖科技,TPEx,M23G 半導體,9.671697526061926,-20.056708631053645,29.27771748942473,163,-19.606019963362805
11508,2938,床的世界,TPEx,M29A 百貨批發,-16.766072187458786,-11.772838125417463,2.8430848467719483,24,-19.609157034230734
11508,4737,華廣,TWSE,M17G 醫療耗材,-10.3156522623041,2.931003719513032,9.322370286362348,57,-19.63802254866645
11508,3169,亞信,TPEx,M23G 半導體,9.61507288302555,-3.6645772147459783,29.27771748942473,163,-19.662644606399184
11508,4562,穎漢,TWSE,M15A 機械,-0.9888846301264852,22.83171028606208,18.699479537392047,44,-19.688364167518532
11508,1110,東泥,TWSE,M11A 水泥製造,-28.178523955872766,-34.997528801909525,-8.360217578971142,8,-19.818306376901624
11508,2459,敦吉,TWSE,M23T 電子通路,15.367865913117173,-11.417113714452595,35.1919397058577,57,-19.824073792740528
11508,5215,科嘉-KY,TWSE,M23D 電子零組件,5.255814833382204,-23.869614892554406,25.08933578159188,195,-19.833520948209678
11508,6246,臺龍,TPEx,M23C 光電及I/O,-9.996709760775534,-7.484306301401503,9.849321993850566,130,-19.8460317546261
11508,3455,由田,TPEx,M23H 電子設備,22.429263197873148,37.95067936236226,42.51717000649329,84,-20.08790680862014
11508,3268,海德威,TPEx,M23G 半導體,9.181407154755295,-1.9657419607563833,29.27771748942473,163,-20.096310334669436
11508,6191,精成科,TWSE,M23B 印刷電路板,20.44511842142368,-3.026339621678848,40.582840603580124,66,-20.137722182156445
11508,6936,永鴻生技,TWSE,M17C 藥,-6.216574785955023,-21.815683715178785,13.935210320845938,75,-20.15178510680096
11508,1453,大將,TWSE,M25A 建設,1.9047619047619047,0.9433962264150944,22.16517290505406,74,-20.260411000292155
11508,8105,凌巨,TWSE,M23C 光電及I/O,-10.428499769460334,-0.3070624360286592,9.849321993850566,130,-20.2778217633109
11508,5488,松普,TPEx,M23D 電子零組件,4.805640983016097,-11.261377498357886,25.08933578159188,195,-20.283694798575784
11508,1776,展宇,TWSE,M17F 樹脂,0.2662644281217209,-9.389075909155563,20.56055139970624,16,-20.29428697158452
11508,6556,勝品,TPEx,M23C 光電及I/O,-10.488097196437383,15.50124325307781,9.849321993850566,130,-20.33741919028795
11508,2064,晉椿,TPEx,M20A 基本金屬,-8.557472857965573,-10.374216027874564,11.847793061266259,53,-20.40526591923183
11508,6121,新普,TPEx,M23D 電子零組件,4.645911580761419,-4.983275803598692,25.08933578159188,195,-20.443424200830464
11508,5344,立衛,TPEx,M23G 半導體,8.81509109166547,-6.346070745107722,29.27771748942473,163,-20.46262639775926
11508,8255,朋程,TPEx,M23D 電子零組件,4.607138209266007,-3.454255549149611,25.08933578159188,195,-20.482197572325873
11508,3551,世禾,TPEx,M23H 電子設備,21.973307718294265,0.02369794795797119,42.51717000649329,84,-20.543862288199023
11508,3373,熱映,TPEx,M17G 醫療耗材,-11.243337621760706,4.382362477034476,9.322370286362348,57,-20.565707908123052
11508,3071,協禧,TPEx,M23D 電子零組件,4.522042400202367,-24.919585556328773,25.08933578159188,195,-20.567293381389515
11508,5521,工信,TWSE,M25B 營造,-12.630846088894067,-23.633650133463423,7.954559176920941,17,-20.58540526581501
11508,8072,陞泰,TWSE,M23T 電子通路,14.526177613974857,2.5599059589474638,35.1919397058577,57,-20.66576209188284
11508,5523,豐謙,TPEx,M25A 建設,1.3513513513513513,-0.5305039787798409,22.16517290505406,74,-20.81382155370271
11508,3038,全台,TWSE,M23C 光電及I/O,-10.995019804287045,-4.632511838728049,9.849321993850566,130,-20.844341798137613
11508,4162,智擎,TPEx,M17C 藥,-6.982296499842335,-11.510606385258196,13.935210320845938,75,-20.917506820688274
11508,5464,霖宏,TPEx,M23B 印刷電路板,19.557504181661514,-6.435010263885997,40.582840603580124,66,-21.02533642191861
11508,4755,三福化,TWSE,M17Z 其他化學,10.875065118284716,9.100920491419293,31.91683473311466,18,-21.041769614829942
11508,1445,大宇,TWSE,M14C 成衣,-15.689854258340356,-18.300722774972026,5.367630831359371,28,-21.057485089699725
11508,3122,笙泉,TPEx,M23G 半導體,8.154075027140042,20.682848041634887,29.27771748942473,163,-21.12364246228469
11508,4754,國碳科,TPEx,M17Z 其他化學,10.754352030947775,-7.924358397118415,31.91683473311466,18,-21.162482702166884
11508,5452,佶優,TPEx,M23T 電子通路,13.906202130491339,2.5437273789796606,35.1919397058577,57,-21.285737575366362
11508,2324,仁寶,TWSE,M23A 電腦及週邊,14.502633489514402,-16.87323448513742,35.82690162998942,65,-21.32426814047502
11508,3494,誠研,TWSE,M23T 電子通路,13.801566755202906,4.532586652391884,35.1919397058577,57,-21.390372950654793
11508,5432,新門,TPEx,M23D 電子零組件,3.6594182748456703,-19.055890910670083,25.08933578159188,195,-21.42991750674621
11508,4569,六方科-KY,TWSE,M23D 電子零組件,3.6233522189411813,-18.674354780583815,25.08933578159188,195,-21.4659835626507
11508,1618,合機,TWSE,M16 電纜,-1.9009462901336704,-21.296420591665846,19.598369292655352,11,-21.499315582789023
11508,6887,寶綠特-KY,TWSE,M99L 資源回收,-5.979494032376772,-6.707253458795656,15.567574908502475,28,-21.54706894087925
11508,2534,宏盛,TWSE,M25A 建設,0.6101558607306136,-13.780058431343171,22.16517290505406,74,-21.555017044323446
11508,2332,友訊,TWSE,M23K 通信網路,5.241936205831536,1.6955251975805894,26.817191653679874,74,-21.57525544784834
11508,2756,聯發國際,TPEx,M27A 餐飲飯店,-17.56984717128398,-9.243961486573895,4.04536424457842,40,-21.615211415862397
11508,5353,台林,TPEx,M23K 通信網路,5.190971780452429,-4.281835916018824,26.817191653679874,74,-21.626219873227445
11508,6498,久禾光,TPEx,M23U 消費性電子,-19.25937168007285,-13.713405238828967,2.398733541059403,27,-21.658105221132253
11508,6488,環球晶,TPEx,M23G 半導體,7.605508151106012,-4.286970158051075,29.27771748942473,163,-21.67220933831872
11508,3308,聯德,TWSE,M23D 電子零組件,3.4111310592459607,11.627906976744185,25.08933578159188,195,-21.67820472234592
11508,1565,精華,TPEx,M17G 醫療耗材,-12.465050515586384,-0.40678681272313116,9.322370286362348,57,-21.787420801948734
11508,3567,逸昌,TPEx,M23G 半導體,7.440534312385267,7.870279596878554,29.27771748942473,163,-21.837183177039464
11508,6164,華興,TWSE,M23C 光電及I/O,-12.054528988385579,-15.733706821745551,9.849321993850566,130,-21.903850982236143
11508,5450,南良,TPEx,M17Z 其他化學,9.905427415541428,-16.242036941384683,31.91683473311466,18,-22.01140731757323
11508,6962,奕力-KY,TWSE,M23G 半導體,7.157863968723087,-0.8903735353143005,29.27771748942473,163,-22.119853520701643
11508,6788,華景電,TPEx,M23H 電子設備,20.381338423092817,-14.803158378476235,42.51717000649329,84,-22.13583158340047
11508,6198,瑞築,TPEx,M25A 建設,0.0,0.0,22.16517290505406,74,-22.16517290505406
11508,6192,巨路,TWSE,M23T 電子通路,12.994361278063124,-30.320758237166235,35.1919397058577,57,-22.197578427794575
11508,2371,大同,TWSE,M15B 電機製品,-11.491602904528538,19.172820097588456,10.714814018047969,14,-22.20641692257651
11508,3484,崧騰,TPEx,M23D 電子零組件,2.7206827303937997,-6.381090499794368,25.08933578159188,195,-22.36865305119808
11508,6996,力領科技,TPEx,M23G 半導體,6.905944919108061,-6.573558546918192,29.27771748942473,163,-22.371772570316672
11508,7547,碩網,TPEx,M23X 資訊服務,-2.2511503290814843,-10.871239278791258,20.16137918832383,73,-22.412529517405314
11508,3489,森寶,TPEx,M25A 建設,-0.2528199144301828,-29.048025269176676,22.16517290505406,74,-22.417992819484244
11508,6167,久正,TPEx,M23C 光電及I/O,-12.581289582182174,-14.371955535201298,9.849321993850566,130,-22.43061157603274
11508,8240,華宏,TPEx,M23C 光電及I/O,-12.590724454328527,-7.554746826575504,9.849321993850566,130,-22.440046448179093
11508,7786,東方風能,TWSE,M26A 海運,8.57452908903835,3.986149481270926,31.062250846303606,12,-22.487721757265255
11508,6283,淳安,TWSE,M23C 光電及I/O,-12.688522578892481,-36.27508043006901,9.849321993850566,130,-22.537844572743047
11508,4745,合富-KY,TPEx,M17G 醫療耗材,-13.253141322133532,-7.800834945524896,9.322370286362348,57,-22.57551160849588
11508,6803,崑鼎,TPEx,M99L 資源回收,-7.064587924557192,-0.894091137581102,15.567574908502475,28,-22.632162833059667
11508,8085,福華,TPEx,M23C 光電及I/O,-12.784022961014111,-17.231595672240296,9.849321993850566,130,-22.633344954864675
11508,6117,迎廣,TWSE,M23D 電子零組件,2.448863884164159,2.484248490290962,25.08933578159188,195,-22.640471897427723
11508,4304,勝昱,TPEx,M13A 石化,-16.009657097589496,-6.62612707066471,6.645585813622416,30,-22.655242911211914
11508,1417,嘉裕,TWSE,M14C 成衣,-17.311771865762477,-3.77579927154998,5.367630831359371,28,-22.679402697121848
11508,6275,元山,TPEx,M23D 電子零組件,2.3562915957282153,-4.000394842658104,25.08933578159188,195,-22.733044185863665
11508,3219,倚強科,TPEx,M23H 電子設備,19.72583901879228,1.6781945735222759,42.51717000649329,84,-22.79133098770101
11508,6143,振曜,TPEx,M23C 光電及I/O,-12.966414057982986,-6.664747492502072,9.849321993850566,130,-22.815736051833554
11508,3576,聯合再生,TWSE,M23C 光電及I/O,-13.032185165971418,-20.525184434746468,9.849321993850566,130,-22.881507159821986
11508,2413,環科,TWSE,M23D 電子零組件,2.1952826948603468,-7.325559209418737,25.08933578159188,195,-22.894053086731535
11508,6133,金橋,TWSE,M23D 電子零組件,2.1503024388602388,-10.270394099954922,25.08933578159188,195,-22.93903334273164
11508,6904,伯鑫,TPEx,M15A 機械,-4.292292988096272,-11.108933491659077,18.699479537392047,44,-22.99177252548832
11508,1805,寶徠,TWSE,M25A 建設,-0.8695652173913043,-0.8695652173913043,22.16517290505406,74,-23.034738122445365
11508,3499,環天科,TPEx,M23K 通信網路,3.711987817065626,-19.090402821607572,26.817191653679874,74,-23.105203836614248
11508,8431,匯鑽科,TPEx,M23C 光電及I/O,-13.40846913286547,6.733377318378418,9.849321993850566,130,-23.257791126716036
11508,6189,豐藝,TWSE,M23T 電子通路,11.831882244660527,-10.669814522414631,35.1919397058577,57,-23.360057461197172
11508,3294,英濟,TPEx,M23D 電子零組件,1.6777336843346038,-5.537506844314656,25.08933578159188,195,-23.411602097257276
11508,4924,欣厚-KY,TPEx,M23C 光電及I/O,-13.563421611600182,1.9639650078210995,9.849321993850566,130,-23.41274360545075
11508,6176,瑞儀,TWSE,M23C 光電及I/O,-13.630346581340595,1.4776336694875256,9.849321993850566,130,-23.479668575191162
11508,1582,信錦,TWSE,M23D 電子零組件,1.596814505836052,-16.598697572455592,25.08933578159188,195,-23.49252127575583
11508,3321,同泰,TWSE,M23B 印刷電路板,16.941234079337242,-9.822023743011378,40.582840603580124,66,-23.64160652424288
11508,2362,藍天,TWSE,M23A 電腦及週邊,12.095367082059854,10.896651074186346,35.82690162998942,65,-23.73153454792957
11508,4960,誠美材,TWSE,M23C 光電及I/O,-13.901583847176884,-5.799102036369861,9.849321993850566,130,-23.75090584102745
11508,3015,全漢,TWSE,M23D 電子零組件,1.295496203805812,-5.401823047696948,25.08933578159188,195,-23.79383957778607
11508,2206,三陽工業,TWSE,M22B 機車船製造,-0.22234904140837133,-9.692758702698145,23.571776912366506,11,-23.794125953774877
11508,6640,均華,TPEx,M23H 電子設備,18.686393265012523,-32.10254117599244,42.51717000649329,84,-23.830776741480765
11508,3014,聯陽,TWSE,M23G 半導體,5.328654064265897,-1.8493239173104252,29.27771748942473,163,-23.949063425158833
11508,4133,亞諾法,TWSE,M17G 醫療耗材,-14.661006128702757,1.619217758181611,9.322370286362348,57,-23.983376415065106
11508,8162,微矽電子-創,TWSE,M23G 半導體,5.257851363625001,0.15063703609739082,29.27771748942473,163,-24.01986612579973
11508,1806,冠軍,TWSE,M18 玻璃陶瓷,-16.730494031938075,-2.033251384677196,7.346100003793483,6,-24.07659403573156
11508,6862,三集瑞-KY,TWSE,M23D 電子零組件,0.9469166899897379,-9.86625294800577,25.08933578159188,195,-24.142419091602143
11508,7723,築間,TPEx,M27A 餐飲飯店,-20.112099564182056,11.485817114767256,4.04536424457842,40,-24.157463808760475
11508,4741,泓瀚,TPEx,M17B 染料及顏料,-14.903908667724235,-37.60344761832119,9.254815718380485,6,-24.15872438610472
11508,2402,毅嘉,TWSE,M23B 印刷電路板,16.41519792118706,-4.575228384278727,40.582840603580124,66,-24.167642682393065
11508,2516,新建,TWSE,M25B 營造,-16.46010144951327,0.7705668362064576,7.954559176920941,17,-24.414660626434213
11508,3583,辛耘,TWSE,M23H 電子設備,18.057239217229007,9.766687763539672,42.51717000649329,84,-24.45993078926428
11508,2329,華泰,TWSE,M23G 半導體,4.764034825266388,-1.237860444541752,29.27771748942473,163,-24.513682664158342
11508,6925,意藍,TPEx,M23X 資訊服務,-4.408983451536643,0.09902215620745142,20.16137918832383,73,-24.570362639860473
11508,6153,嘉聯益,TWSE,M23B 印刷電路板,15.951204384178762,0.48091628697264965,40.582840603580124,66,-24.63163621940136
11508,7736,虎山,TWSE,M15D 汽車組件,-17.854092036373657,23.697341258726752,6.816747433041865,54,-24.670839469415522
11508,6899,創為精密,TPEx,M23C 光電及I/O,-14.9193035963909,-9.293188260797065,9.849321993850566,130,-24.768625590241466
11508,6240,松崗,TPEx,M99F 平媒電子報,-22.437810945273633,-6.758373205741627,2.341043559382584,2,-24.778854504656216
11508,4585,達明,TWSE,M15A 機械,-6.109261436017995,7.069218406776568,18.699479537392047,44,-24.808740973410043
11508,1796,金穎生技,TPEx,M17C 藥,-10.893889475974389,-11.300527512646381,13.935210320845938,75,-24.829099796820326
11508,3596,智易,TWSE,M23K 通信網路,1.9322601618589959,-2.376769372181719,26.817191653679874,74,-24.88493149182088
11508,2642,宅配通,TWSE,M26C 貨運倉儲,-17.08206229790128,-2.25470887276119,7.804528243900269,15,-24.88659054180155
11508,6881,潤德,TPEx,M25C 工程承攬,-15.613825424721734,10.7578273974288,9.42002029759555,6,-25.03384572231728
11508,1225,福懋油,TWSE,M12B 油脂飼料,-23.831705068732,-20.784845103352993,1.2417645099363464,12,-25.073469578668345
11508,2321,東訊,TWSE,M23K 通信網路,1.712467848923785,-5.558872513590799,26.817191653679874,74,-25.104723804756087
11508,3632,研勤,TPEx,M23K 通信網路,1.619158425441148,-22.155377302436126,26.817191653679874,74,-25.198033228238724
11508,1722,台肥,TWSE,M17C 藥,-11.279832584366952,-7.54590920657901,13.935210320845938,75,-25.21504290521289
11508,6846,綠茵,TPEx,M17C 藥,-11.285724219456228,2.6338229852139077,13.935210320845938,75,-25.220934540302167
11508,3684,榮昌,TPEx,M23K 通信網路,1.5810128947860214,2.8777999640393297,26.817191653679874,74,-25.236178758893853
11508,8936,國統,TPEx,M20B 金屬製品,12.344983544329356,4.012360102963471,37.664156804152086,11,-25.31917325982273
11508,2342,茂矽,TWSE,M23G 半導體,3.9542269322379093,-1.5528204122329559,29.27771748942473,163,-25.323490557186823
11508,5324,士開,TPEx,M25A 建設,-3.3066022190486652,9.384644062881879,22.16517290505406,74,-25.471775124102727
11508,2911,麗嬰房,TWSE,M29A 百貨批發,-22.678056962624893,-4.420273882015816,2.8430848467719483,24,-25.52114180939684
11508,3118,進階,TPEx,M17G 醫療耗材,-16.226020024477638,-13.299658161396655,9.322370286362348,57,-25.548390310839984
11508,2462,良得電,TWSE,M23D 電子零組件,-0.48477769682399735,-5.892114625194702,25.08933578159188,195,-25.574113478415878
11508,1616,億泰,TWSE,M16 電纜,-6.032266736111694,-16.050696086157078,19.598369292655352,11,-25.630636028767046
11508,6934,心誠鎂,TWSE,M17G 醫療耗材,-16.3265306122449,-14.583333333333334,9.322370286362348,57,-25.648900898607245
11508,3289,宜特,TPEx,M23Z 其他電子,-7.9009457392064535,-7.326234346534183,17.780449485962418,13,-25.68139522516887
11508,1452,宏益,TWSE,M14A 人纖,-33.934090028446946,-38.63245312170798,-8.157545288115324,14,-25.776544740331623
11508,4956,光鋐,TWSE,M23C 光電及I/O,-15.939965029708924,-11.58029643561555,9.849321993850566,130,-25.78928702355949
11508,8074,鉅橡,TPEx,M23B 印刷電路板,14.757454983611254,-2.8442003138821517,40.582840603580124,66,-25.82538561996887
11508,6284,佳邦,TPEx,M23D 電子零組件,-0.7676485544921178,1.7658184988285477,25.08933578159188,195,-25.856984336084
11508,6411,晶焱,TPEx,M23G 半導體,3.4017101792049487,-11.819853226382016,29.27771748942473,163,-25.876007310219784
11508,4192,杏國,TPEx,M17C 藥,-11.958075273939972,-15.112540192926046,13.935210320845938,75,-25.893285594785908
11508,6104,創惟,TPEx,M23G 半導體,3.370009532580421,-5.332437639274015,29.27771748942473,163,-25.90770795684431
11508,3265,台星科,TPEx,M23G 半導體,3.3632379267063106,-4.639325706719441,29.27771748942473,163,-25.91447956271842
11508,9914,美利達,TWSE,M99Z 其他,-20.71462400673578,-20.269202540595924,5.206317955870409,27,-25.920941962606186
11508,1447,力鵬,TWSE,M14A 人纖,-34.08158817841502,70.148419140319,-8.157545288115324,14,-25.924042890299695
11508,6230,尼得科超眾,TWSE,M23D 電子零組件,-0.8590387749132996,-3.7073721322494326,25.08933578159188,195,-25.94837455650518
11508,6727,亞泰金屬,TPEx,M23H 電子設備,16.54946321781108,-16.7109477174663,42.51717000649329,84,-25.967706788682207
11508,6210,慶生,TPEx,M23B 印刷電路板,14.587709194389864,-21.106523919483124,40.582840603580124,66,-25.995131409190257
11508,6684,安格,TPEx,M23G 半導體,3.270174869152432,-5.813351095322676,29.27771748942473,163,-26.0075426202723
11508,4951,精拓科,TPEx,M23G 半導體,3.1603424585138993,7.42037024807942,29.27771748942473,163,-26.117375030910832
11508,2023,燁輝,TWSE,M20A 基本金屬,-14.313043172516776,-16.530666167120547,11.847793061266259,53,-26.160836233783037
11508,3672,康聯訊,TPEx,M23K 通信網路,0.6318449873631002,-50.660883932259395,26.817191653679874,74,-26.185346666316775
11508,3501,維熹,TWSE,M23D 電子零組件,-1.260839153074933,-12.257164450355484,25.08933578159188,195,-26.350174934666814
11508,5878,台名,TPEx,M28N 保險經紀,-6.602602905569007,-17.957886900805573,19.792503202132757,2,-26.395106107701764
11508,3032,偉訓,TWSE,M23D 電子零組件,-1.483436210234121,-3.9429274012398494,25.08933578159188,195,-26.572771991826002
11508,6138,茂達,TPEx,M23G 半導體,2.4966375122674953,-4.973589411768066,29.27771748942473,163,-26.781079977157237
11508,2904,匯僑,TWSE,M26C 貨運倉儲,-18.981097279852467,4.869606731515188,7.804528243900269,15,-26.785625523752735
11508,1623,大東電,TWSE,M16 電纜,-7.314340404432538,-22.098742499010637,19.598369292655352,11,-26.91270969708789
11508,2387,精元,TWSE,M23C 光電及I/O,-17.121340434183715,14.741068764976278,9.849321993850566,130,-26.97066242803428
11508,8928,鉅明,TPEx,M99Z 其他,-21.77107736405479,-53.34036915024428,5.206317955870409,27,-26.9773953199252
11508,6438,迅得,TWSE,M23H 電子設備,15.539377169954319,-4.193080750695451,42.51717000649329,84,-26.977792836538967
11508,6477,安集,TWSE,M23C 光電及I/O,-17.29837497076284,16.576129619744403,9.849321993850566,130,-27.147696964613406
11508,2355,敬鵬,TWSE,M23B 印刷電路板,13.434620312851182,-0.26409628343391717,40.582840603580124,66,-27.148220290728943
11508,1512,瑞利,TWSE,M15D 汽車組件,-20.544324030000176,21.534886220144543,6.816747433041865,54,-27.36107146304204
11508,6799,來頡,TWSE,M23G 半導體,1.850724461220017,-5.590104172544947,29.27771748942473,163,-27.426993028204713
11508,8034,榮群,TPEx,M23K 通信網路,-0.9987649042800817,265.5630591124364,26.817191653679874,74,-27.815956557959957
11508,6130,上亞科技,TPEx,M23G 半導體,1.3824884792626728,-40.1186917138905,29.27771748942473,163,-27.89522901016206
11508,1325,恆大,TWSE,M14F 不織布,-23.584120612854274,-21.81599639405018,4.360305225239183,5,-27.94442583809346
11508,6423,億而得,TPEx,M23G 半導體,1.2882603641999224,-86.43463145058766,29.27771748942473,163,-27.98945712522481
11508,5443,均豪,TPEx,M23H 電子設備,14.382752946211802,-25.933367817341473,42.51717000649329,84,-28.134417060281486
11508,6409,旭隼,TWSE,M23D 電子零組件,-3.1618791081128457,-11.67551732270758,25.08933578159188,195,-28.251214889704727
11508,1525,江申,TWSE,M15D 汽車組件,-21.454040057248278,-24.39861448421388,6.816747433041865,54,-28.270787490290143
11508,4935,茂林-KY,TWSE,M23C 光電及I/O,-18.427358229147988,7.422254420564007,9.849321993850566,130,-28.276680222998554
11508,1589,永冠-KY,TWSE,M15A 機械,-9.594781571788085,-12.320121528278538,18.699479537392047,44,-28.294261109180134
11508,6154,順發,TPEx,M23T 電子通路,6.829773561064759,2.383229300389279,35.1919397058577,57,-28.36216614479294
11508,2038,海光,TWSE,M20A 基本金屬,-16.534744512882796,-20.917325617715235,11.847793061266259,53,-28.382537574149055
11508,4183,福永生技,TPEx,M17G 醫療耗材,-19.08141642625546,20.807287696295166,9.322370286362348,57,-28.40378671261781
11508,4538,大詠城,TPEx,M15A 機械,-9.755608974358974,-18.209876543209877,18.699479537392047,44,-28.455088511751022
11508,3537,堡達,TPEx,M23T 電子通路,6.601944291591332,-19.889267042340425,35.1919397058577,57,-28.58999541426637
11508,3694,海華,TWSE,M23K 通信網路,-1.866193062525384,35.40586235063923,26.817191653679874,74,-28.683384716205257
11508,7704,明遠精密,TPEx,M23H 電子設備,13.813873926335711,2.677633307065931,42.51717000649329,84,-28.70329608015758
11508,8272,全景軟體,TPEx,M23X 資訊服務,-8.627419311421573,24.046192077181697,20.16137918832383,73,-28.788798499745404
11508,2063,世鎧精密,TPEx,M20A 基本金屬,-16.94938496770566,-31.41456122668539,11.847793061266259,53,-28.79717802897192
11508,1583,程泰,TWSE,M15A 機械,-10.135616844365051,-23.737616358642942,18.699479537392047,44,-28.835096381757097
11508,2029,盛餘,TWSE,M20A 基本金屬,-17.030114025482586,-16.101865672371733,11.847793061266259,53,-28.877907086748845
11508,8450,霹靂,TPEx,M99H 電視廣播,-32.32692307692308,0.9466437177280551,-3.412680420161717,7,-28.914242656761363
11508,6679,鈺太,TPEx,M23G 半導體,0.31603439051399135,-7.630706131029782,29.27771748942473,163,-28.96168309891074
11508,4966,譜瑞-KY,TPEx,M23G 半導體,0.23320166164682526,-1.9563159633165819,29.27771748942473,163,-29.044515827777907
11508,2017,官田鋼,TWSE,M20A 基本金屬,-17.29659555357635,21.24741344015226,11.847793061266259,53,-29.144388614842608
11508,3083,網龍,TPEx,M23X 資訊服務,-9.04342424755774,15.902140672782874,20.16137918832383,73,-29.204803435881573
11508,3064,泰偉,TPEx,M23A 電腦及週邊,6.517871583373767,-4.0081620754991985,35.82690162998942,65,-29.309030046615653
11508,3213,茂訊,TPEx,M23A 電腦及週邊,6.48953358356867,6.367983135221337,35.82690162998942,65,-29.337368046420753
11508,3701,大眾控,TWSE,M23A 電腦及週邊,6.456787543786104,-7.199723949111602,35.82690162998942,65,-29.370114086203316
11508,5465,富驊,TPEx,M23D 電子零組件,-4.365741172086089,9.401720788823665,25.08933578159188,195,-29.45507695367797
11508,6278,台表科,TWSE,M23B 印刷電路板,10.869800594642088,-0.8486080860806038,40.582840603580124,66,-29.713040008938037
11508,3287,廣寰科,TPEx,M23A 電腦及週邊,6.022302087435999,13.240610498363328,35.82690162998942,65,-29.804599542553422
11508,6261,久元,TPEx,M23G 半導體,-0.6177265933458319,-7.813626965427706,29.27771748942473,163,-29.895444082770563
11508,2719,燦星旅,TPEx,M27C 旅行社,-22.944032810353832,-0.7904022582921666,6.988488132071125,7,-29.932520942424958
11508,6266,泰詠,TPEx,M23B 印刷電路板,10.522376640742984,15.968084772206108,40.582840603580124,66,-30.06046396283714
11508,5512,力麒,TPEx,M25A 建設,-7.982834104125052,-44.217435396881,22.16517290505406,74,-30.14800700917911
11508,5345,馥鴻,TPEx,M23Z 其他電子,-12.45105716523101,-16.722532588454378,17.780449485962418,13,-30.231506651193428
11508,6603,富強鑫,TPEx,M15A 機械,-11.69701814659154,-7.000701988817838,18.699479537392047,44,-30.39649768398359
11508,2937,集雅社,TPEx,M23T 電子通路,4.787779346485036,-12.785377493314815,35.1919397058577,57,-30.404160359372664
11508,6188,廣明,TPEx,M23C 光電及I/O,-20.580408313761954,-12.795082989225703,9.849321993850566,130,-30.42973030761252
11508,6170,統振,TPEx,M23T 電子通路,4.702098836590317,5.470313048945101,35.1919397058577,57,-30.489840869267383
11508,3390,旭軟,TPEx,M23B 印刷電路板,9.892542007629809,-12.159126619257673,40.582840603580124,66,-30.690298595950317
11508,2539,櫻花建,TWSE,M25A 建設,-8.693067590272417,-16.204241293414533,22.16517290505406,74,-30.858240495326477
11508,6177,達麗,TWSE,M25A 建設,-8.722566122678671,0.7307978307588803,22.16517290505406,74,-30.88773902773273
11508,1314,中石化,TWSE,M13A 石化,-24.409608589644968,-12.482781654395254,6.645585813622416,30,-31.055194403267386
11508,4994,傳奇,TWSE,M23X 資訊服務,-10.942530168027083,-4.223857760305565,20.16137918832383,73,-31.103909356350915
11508,4440,宜新實業,TWSE,M14A 人纖,-39.33341994307378,-7.073466360330698,-8.157545288115324,14,-31.175874654958456
11508,3114,好德,TPEx,M23T 電子通路,3.854648940237013,-18.143348320550118,35.1919397058577,57,-31.337290765620686
11508,2373,震旦行,TWSE,M23T 電子通路,3.6031048170002027,2.055601183095265,35.1919397058577,57,-31.588834888857498
11508,6597,立誠,TPEx,M23D 電子零組件,-6.519413599312953,1.6015458684046768,25.08933578159188,195,-31.608749380904833
11508,8107,大億金茂,TPEx,M15D 汽車組件,-24.853422370617697,-6.377809946920914,6.816747433041865,54,-31.67016980365956
11508,4968,立積,TWSE,M23G 半導體,-2.4357100270264547,0.7355905191944128,29.27771748942473,163,-31.713427516451187
11508,6281,全國電,TWSE,M23T 電子通路,3.3337150207816633,-12.125759125694382,35.1919397058577,57,-31.858224685076035
11508,1786,科妍,TWSE,M17G 醫療耗材,-22.733094262295083,-11.758370342791798,9.322370286362348,57,-32.05546454865743
11508,8467,波力-KY,TWSE,M99Z 其他,-26.977725290967566,-33.08695666969533,5.206317955870409,27,-32.18404324683797
11508,8261,富鼎,TWSE,M23G 半導體,-3.0047398521601347,-2.5604503332069504,29.27771748942473,163,-32.282457341584866
11508,2546,根基,TWSE,M25B 營造,-24.412633887665898,-4.414405913768329,7.954559176920941,17,-32.367193064586836
11508,3515,華擎,TWSE,M23A 電腦及週邊,3.3204646156251716,-42.22303642412207,35.82690162998942,65,-32.50643701436425
11508,5299,杰力,TPEx,M23G 半導體,-3.237168327894869,-1.9944725554999714,29.27771748942473,163,-32.5148858173196
11508,6910,德鴻,TPEx,M23X 資訊服務,-12.434632754932256,10.452739674687056,20.16137918832383,73,-32.59601194325609
11508,5258,虹堡,TWSE,M23A 電腦及週邊,3.2102160970304428,-27.485181813114327,35.82690162998942,65,-32.61668553295898
11508,6969,成信實業*-創,TWSE,M99L 資源回收,-17.074426989441154,-0.8489860555140105,15.567574908502475,28,-32.64200189794363
11508,2231,為升,TWSE,M15D 汽車組件,-25.854739297018156,-10.57053991930947,6.816747433041865,54,-32.671486730060025
11508,8466,美吉吉-KY,TWSE,M13B 塑膠製品,-12.06434866891731,-9.120196266521788,20.708674735043566,8,-32.77302340396088
11508,3669,圓展,TWSE,M23C 光電及I/O,-22.969710225104105,-22.099775779891317,9.849321993850566,130,-32.819032218954675
11508,6443,元晶,TWSE,M23C 光電及I/O,-22.984514964238596,-1.4512928353523087,9.849321993850566,130,-32.833836958089165
11508,4161,聿新科,TPEx,M17G 醫療耗材,-23.62959180608536,-46.745698457413944,9.322370286362348,57,-32.95196209244771
11508,2385,群光,TWSE,M23C 光電及I/O,-23.125150375926555,-7.591992504450907,9.849321993850566,130,-32.97447236977712
11508,6577,勁豐,TPEx,M23A 電腦及週邊,2.7889621136890255,-11.105732696251419,35.82690162998942,65,-33.0379395163004
11508,2433,互盛電,TWSE,M23T 電子通路,2.025527811385279,-2.812768454806032,35.1919397058577,57,-33.16641189447242
11508,2007,燁興,TWSE,M20A 基本金屬,-21.388896421994147,-30.377936491647144,11.847793061266259,53,-33.236689483260406
11508,8482,商億-KY,TWSE,M99B 五金及家具,-29.03502352326189,-21.153558947399862,4.203265064610972,17,-33.238288587872866
11508,3548,兆利,TPEx,M23D 電子零組件,-8.158193826270145,-1.6478896410531383,25.08933578159188,195,-33.24752960786203
11508,4767,誠泰科技,TPEx,M17F 樹脂,-12.799218972058478,-6.500768537658345,20.56055139970624,16,-33.35977037176472
11508,8426,紅木-KY,TPEx,M99B 五金及家具,-29.27613864528761,-27.4828588667654,4.203265064610972,17,-33.479403709898584
11508,2941,米斯特,TPEx,M23E 數位雲端,-21.628103992694545,5.726159554730983,11.881400723492241,20,-33.50950471618678
11508,5292,華懋,TWSE,M23H 電子設備,8.90323466794863,-14.674209378407852,42.51717000649329,84,-33.61393533854466
11508,3430,奇鈦科,TPEx,M17Z 其他化學,-1.7461873638344227,18.48305123708564,31.91683473311466,18,-33.66302209694908
11508,2313,華通,TWSE,M23B 印刷電路板,6.865708582371952,0.8179232272483112,40.582840603580124,66,-33.71713202120817
11508,3540,曜越,TPEx,M23D 電子零組件,-8.720882245047688,9.423450611125311,25.08933578159188,195,-33.81021802663957
11508,1707,葡萄王,TWSE,M17C 藥,-20.139845586222652,-1.4858233559878724,13.935210320845938,75,-34.07505590706859
11508,2939,永邑-KY,TWSE,M29B 貿易,-39.58990536277602,22.432244614315497,-5.434177906512505,7,-34.15572745626352
11508,2405,輔信,TWSE,M23A 電腦及週邊,1.6573745229922687,-6.969889544560448,35.82690162998942,65,-34.16952710699715
11508,7711,永擎,TWSE,M23A 電腦及週邊,1.656986949841639,-58.118031897065904,35.82690162998942,65,-34.169914680147784
11508,7753,星亞,TPEx,M23C 光電及I/O,-24.336364920515912,14.238372569928636,9.849321993850566,130,-34.18568691436648
11508,2239,英利-KY,TWSE,M15D 汽車組件,-27.532835850234495,-19.401001321575606,6.816747433041865,54,-34.34958328327636
11508,3388,崇越電,TPEx,M23T 電子通路,0.6866714808892557,-14.42588140202344,35.1919397058577,57,-34.50526822496845
11508,1470,大統新創,TWSE,M14E 染整,-31.32220585828833,-25.84327237388462,3.400595434998346,3,-34.72280129328668
11508,6208,日揚,TPEx,M23H 電子設備,7.774515595638506,1.71948591938001,42.51717000649329,84,-34.74265441085478
11508,5315,光聯,TPEx,M23C 光電及I/O,-25.0930280339695,-8.40579507864949,9.849321993850566,130,-34.94235002782007
11508,3178,公準,TPEx,M23H 電子設備,7.487576032727024,-18.522794552989936,42.51717000649329,84,-35.02959397376626
11508,3138,耀登,TWSE,M23K 通信網路,-8.23892692650958,0.9163400846844394,26.817191653679874,74,-35.056118580189455
11508,3376,新日興,TWSE,M23D 電子零組件,-10.00744640377718,2.339498449989831,25.08933578159188,195,-35.096782185369065
11508,6263,普萊德,TPEx,M23K 通信網路,-8.433008342546989,-22.97285871311406,26.817191653679874,74,-35.25019999622686
11508,6695,芯鼎,TWSE,M23G 半導體,-6.004997743309739,-15.992562056650367,29.27771748942473,163,-35.28271523273447
11508,3362,先進光,TPEx,M23U 消費性電子,-32.9062012437647,-41.299557089334336,2.398733541059403,27,-35.3049347848241
11508,5439,高技,TPEx,M23B 印刷電路板,5.237570634882948,5.500784044527255,40.582840603580124,66,-35.345269968697174
11508,6983,華洋精機,TPEx,M23H 電子設備,7.134669491819793,21.58710135215043,42.51717000649329,84,-35.382500514673495
11508,3516,亞帝歐,TPEx,M15C 家電製品,-24.266156658153076,-24.33576412823955,11.219507352700457,22,-35.48566401085353
11508,2430,燦坤,TWSE,M23T 電子通路,-0.32660689106132057,-7.278658769643448,35.1919397058577,57,-35.518546596919016
11508,2851,中再保,TWSE,M28J 產險,-31.48146235090942,66.11046322338842,4.706880588210361,5,-36.188342939119785
11508,5531,鄉林,TWSE,M25A 建設,-14.068064215002709,18.26357277672921,22.16517290505406,74,-36.23323712005677
11508,3027,盛達,TWSE,M23D 電子零組件,-11.21001230390649,4.2915692849642655,25.08933578159188,195,-36.29934808549837
11508,4305,世坤,TPEx,M13A 石化,-29.86996814063781,-17.544566052930197,6.645585813622416,30,-36.51555395426023
11508,3518,柏騰,TWSE,M23Z 其他電子,-18.86745266166488,-2.415022989987538,17.780449485962418,13,-36.6479021476273
11508,6432,今展科,TPEx,M23D 電子零組件,-11.79402708696682,-30.09479279540626,25.08933578159188,195,-36.8833628685587
11508,2537,聯上發,TWSE,M25A 建設,-14.959349593495935,-99.09030821679538,22.16517290505406,74,-37.12452249854999
11508,6272,驊陞,TWSE,M23D 電子零組件,-12.112246040680644,-3.710161211686798,25.08933578159188,195,-37.20158182227252
11508,1514,亞力,TWSE,M15B 電機製品,-26.51613160609359,-13.55773120079378,10.714814018047969,14,-37.23094562414156
11508,4174,浩鼎,TPEx,M17C 藥,-23.430178069353328,-79.98039696152904,13.935210320845938,75,-37.365388390199264
11508,3545,敦泰,TWSE,M23G 半導體,-8.267450330294125,0.23306261622941354,29.27771748942473,163,-37.545167819718856
11508,6873,泓德能源,TWSE,M23C 光電及I/O,-27.718955576042628,73.13244579517256,9.849321993850566,130,-37.5682775698932
11508,8011,台通,TWSE,M23K 通信網路,-11.08471485624029,8.647418798054291,26.817191653679874,74,-37.90190650992017
11508,3092,鴻碩,TWSE,M23D 電子零組件,-12.902576801052387,-12.965211138003294,25.08933578159188,195,-37.99191258264427
11508,1526,日馳,TWSE,M15E 自行車組件,-29.413842996063124,-30.84948575949367,8.717393403501028,3,-38.13123639956415
11508,2338,光罩,TWSE,M23G 半導體,-8.94806629834254,-2.159987493246947,29.27771748942473,163,-38.22578378776727
11508,3150,鈺寶-創,TWSE,M23G 半導體,-8.975749728802883,-18.059536934950387,29.27771748942473,163,-38.25346721822761
11508,6123,上奇,TPEx,M23T 電子通路,-3.191545913644404,26.656642036774564,35.1919397058577,57,-38.3834856195021
11508,8935,邦泰,TPEx,M13B 塑膠製品,-17.68552939556657,13.483501534373122,20.708674735043566,8,-38.394204130610134
11508,6732,昇佳電子,TPEx,M23G 半導體,-9.166440676955904,0.6548466245512996,29.27771748942473,163,-38.44415816638063
11508,1432,大魯閣,TWSE,M29A 百貨批發,-35.7066251242749,17.191535508911116,2.8430848467719483,24,-38.54970997104685
11508,4942,嘉彰,TWSE,M23D 電子零組件,-13.498025882869051,-8.984450416423485,25.08933578159188,195,-38.58736166446093
11508,1294,漢田生技,TPEx,M17C 藥,-24.99707773232028,-26.583618186758965,13.935210320845938,75,-38.93228805316622
11508,3128,昇銳,TPEx,M23C 光電及I/O,-29.237479320198528,-2.8818672594474437,9.849321993850566,130,-39.0868013140491
11508,3021,鴻名,TWSE,M23D 電子零組件,-14.003930732447113,7.360095208287449,25.08933578159188,195,-39.093266514038994
11508,1535,中宇,TWSE,M15B 電機製品,-28.535099596844443,4.376493626696745,10.714814018047969,14,-39.249913614892414
11508,6269,台郡,TWSE,M23B 印刷電路板,1.3293210163115807,-2.349282067379954,40.582840603580124,66,-39.25351958726854
11508,2035,唐榮公司,TPEx,M20A 基本金屬,-27.548214436507646,-23.96936175240597,11.847793061266259,53,-39.39600749777391
11508,3025,星通,TWSE,M23K 通信網路,-12.673016603838738,-5.413913477122553,26.817191653679874,74,-39.49020825751861
11508,6456,GIS-KY,TWSE,M23C 光電及I/O,-29.980618692054364,3.183196825550846,9.849321993850566,130,-39.82994068590493
11508,6994,富威電力,TWSE,M99D 公用事業,-24.752016002396495,-25.439373411146274,15.499684873151953,15,-40.25170087554845
11508,8478,東哥遊艇,TWSE,M22B 機車船製造,-16.801183687615886,39.98927810248565,23.571776912366506,11,-40.37296059998239
11508,8222,寶一,TWSE,M22B 機車船製造,-17.477843770345864,-32.08341534894911,23.571776912366506,11,-41.04962068271237
11508,2014,中鴻,TWSE,M20A 基本金屬,-29.314345169677868,-18.036261530109606,11.847793061266259,53,-41.16213823094412
11508,6482,弘煜科,TPEx,M23X 資訊服務,-21.149848072924996,-6.592782040352373,20.16137918832383,73,-41.31122726124883
11508,4195,基米-創,TWSE,M17H 生物科技,-29.985419704228285,-3.215218058968059,11.542346291878882,11,-41.52776599610716
11508,1760,寶齡富錦,TWSE,M17C 藥,-27.88393432707536,4.632580481271073,13.935210320845938,75,-41.8191446479213
11508,2377,微星,TWSE,M23A 電腦及週邊,-6.0566534030848755,-8.524469677684058,35.82690162998942,65,-41.883555033074295
11508,5203,訊連,TWSE,M23X 資訊服務,-21.73033917256802,-3.641035641769814,20.16137918832383,73,-41.89171836089185
11508,3438,類比科,TPEx,M23G 半導體,-12.803588051112804,1.3617392037549714,29.27771748942473,163,-42.081305540537535
11508,6649,台生材,TPEx,M17G 醫療耗材,-32.84131123114174,16.436586744167272,9.322370286362348,57,-42.16368151750409
11508,5490,同亨,TPEx,M23A 電腦及週邊,-6.767147783880445,-22.19055808631754,35.82690162998942,65,-42.59404941386987
11508,1324,地球,TWSE,M13A 石化,-36.04716182320707,-29.007200368885893,6.645585813622416,30,-42.69274763682949
11508,6661,威健生技,TPEx,M17H 生物科技,-31.246403989174677,-2.7049847712674526,11.542346291878882,11,-42.78875028105356
11508,2457,飛宏,TWSE,M23D 電子零組件,-17.75584706056263,-11.798500158531038,25.08933578159188,195,-42.845182842154514
11508,6957,裕慶-KY,TWSE,M20A 基本金屬,-31.15114445453242,10.670022275337631,11.847793061266259,53,-42.99893751579868
11508,2542,興富發,TWSE,M25A 建設,-20.877100359415035,-37.09939845423766,22.16517290505406,74,-43.042273264469095
11508,5011,久陽,TPEx,M20A 基本金屬,-31.376765083440308,5.119478446988175,11.847793061266259,53,-43.22455814470656
11508,3252,海灣,TPEx,M27A 餐飲飯店,-39.353443369379626,5.739689596316437,4.04536424457842,40,-43.39880761395805
11508,7734,印能科技,TPEx,M23H 電子設備,-1.269376626787052,-37.51597789612351,42.51717000649329,84,-43.78654663328034
11508,6125,廣運,TPEx,M23H 電子設備,-1.4926067008946342,-7.202351788339049,42.51717000649329,84,-44.00977670738792
11508,5457,宣德,TPEx,M23D 電子零組件,-18.958598035266046,-6.587341473227995,25.08933578159188,195,-44.04793381685793
11508,3322,建舜電,TPEx,M23D 電子零組件,-19.346522231402428,-27.71744347086813,25.08933578159188,195,-44.43585801299431
11508,6412,群電,TWSE,M23D 電子零組件,-19.665420082733956,-2.4551201011378003,25.08933578159188,195,-44.75475586432584
11508,3073,天方能源,TPEx,M99D 公用事業,-29.309878213802435,-70.3636466783911,15.499684873151953,15,-44.809563086954384
11508,3217,優群,TPEx,M23D 電子零組件,-19.768941082930866,-12.333619988788152,25.08933578159188,195,-44.85827686452275
11508,8924,大田,TPEx,M99Z 其他,-39.65876785056272,12.108973108594464,5.206317955870409,27,-44.86508580643313
11508,6719,力智,TWSE,M23G 半導體,-15.967442965779467,16.29464946409132,29.27771748942473,163,-45.2451604552042
11508,8067,志旭,TPEx,M23T 電子通路,-10.191846522781775,22.04117908458006,35.1919397058577,57,-45.38378622863947
11508,4933,友輝,TPEx,M23C 光電及I/O,-35.63715255122015,-17.160657768353428,9.849321993850566,130,-45.48647454507071
11508,3527,聚積,TPEx,M23G 半導體,-16.390266713429195,-1.833405231577709,29.27771748942473,163,-45.66798420285393
11508,3622,洋華,TWSE,M23C 光電及I/O,-35.95370761921345,-28.436127633553838,9.849321993850566,130,-45.80302961306402
11508,1454,台富,TWSE,M14C 成衣,-40.514523803487066,-40.6464506771457,5.367630831359371,28,-45.88215463484644
11508,3011,今皓,TWSE,M23D 電子零組件,-20.813517380040985,-0.2508340842120644,25.08933578159188,195,-45.90285316163286
11508,2891,中信金,TWSE,M28L 金融控股,-32.01339086205033,35.21636522208552,13.898753138784288,13,-45.912144000834616
11508,4707,磐亞,TPEx,M17E 清潔劑,-46.2475525916766,-27.90518594572182,-0.22745157769146804,5,-46.02010101398513
11508,2514,龍邦,TWSE,M25A 建設,-24.33274512866297,5.629600897091547,22.16517290505406,74,-46.49791803371703
11508,5381,光譜,TPEx,M15B 電機製品,-35.8675770054679,-45.973639648473714,10.714814018047969,14,-46.58239102351587
11508,8099,大世科,TPEx,M23X 資訊服務,-26.599368417194853,86.11800905538031,20.16137918832383,73,-46.76074760551869
11508,3086,華義*,TPEx,M23X 資訊服務,-26.69243824250424,-13.19638271742771,20.16137918832383,73,-46.85381743082807
11508,8930,青鋼,TPEx,M20B 金屬製品,-9.579765155421798,-4.768730801762899,37.664156804152086,11,-47.24392195957388
11508,6534,正瀚-創,TWSE,M17C 藥,-33.381206058683055,-35.90411002924259,13.935210320845938,75,-47.316416379528995
11508,7819,精誠金融,TPEx,M23X 資訊服務,-27.197686328854612,-2.1698647882762527,20.16137918832383,73,-47.35906551717844
11508,8410,森田,TPEx,M13A 石化,-40.92793823277095,-29.251675717990118,6.645585813622416,30,-47.573524046393366
11508,9907,統一實,TWSE,M20B 金屬製品,-10.052626097966616,-6.882132362124121,37.664156804152086,11,-47.7167829021187
11508,3490,單井,TPEx,M23H 電子設備,-5.314635870846099,-20.240222354576137,42.51717000649329,84,-47.831805877339384
11508,6908,宏碁遊戲-創,TWSE,M23T 電子通路,-12.759004718501803,-12.971341280688803,35.1919397058577,57,-47.950944424359506
11508,8277,商丞,TPEx,M23G 半導體,-18.79584775086505,10.396086179320726,29.27771748942473,163,-48.07356524028978
11508,2520,冠德,TWSE,M25A 建設,-26.50191428974837,1.9453574246578453,22.16517290505406,74,-48.667087194802434
11508,2468,華經,TWSE,M23X 資訊服務,-28.593317819029362,13.778834856864487,20.16137918832383,73,-48.754697007353194
11508,2020,美亞,TWSE,M20A 基本金屬,-37.053983469774394,-4.200038726258163,11.847793061266259,53,-48.90177653104065
11508,6228,全譜,TPEx,M23C 光電及I/O,-39.12367124708322,-35.653603727048505,9.849321993850566,130,-48.97299324093379
11508,6835,圓裕,TWSE,M23B 印刷電路板,-8.432228150753385,-21.581310509330713,40.582840603580124,66,-49.01506875433351
11508,1446,宏和,TWSE,M25A 建設,-27.01967540121498,710.7967032967033,22.16517290505406,74,-49.18484830626904
11508,1218,泰山,TWSE,M12B 油脂飼料,-48.01123376629733,-5.807467681606405,1.2417645099363464,12,-49.252998276233676
11508,3207,耀勝,TPEx,M23D 電子零組件,-24.329617444575142,-15.808354591836734,25.08933578159188,195,-49.41895322616702
11508,2392,正崴,TWSE,M23D 電子零組件,-24.697637910930144,-41.97419686607689,25.08933578159188,195,-49.786973692522025
11508,7777,能率亞洲,TPEx,M31B 創投,-187.36861671567135,16.47334410339257,-137.5551324112878,2,-49.813484304383564
11508,4564,元翎,TWSE,M20B 金屬製品,-12.182401711687618,-33.3073798239675,37.664156804152086,11,-49.8465585158397
11508,5213,亞昕,TPEx,M25A 建設,-27.69184271768368,-57.212860857652814,22.16517290505406,74,-49.85701562273774
11508,4770,上品,TWSE,M17F 樹脂,-29.499451190329488,-6.560275606402455,20.56055139970624,16,-50.06000259003573
11508,5310,天剛,TPEx,M23X 資訊服務,-30.20408163265306,2342.8571428571427,20.16137918832383,73,-50.36546082097689
11508,1569,濱川,TPEx,M23D 電子零組件,-25.280237992226635,0.8430490676755588,25.08933578159188,195,-50.369573773818516
11508,2417,圓剛,TWSE,M23A 電腦及週邊,-14.548107023817966,-22.16517994463242,35.82690162998942,65,-50.375008653807384
11508,2630,亞航,TWSE,M22B 機車船製造,-27.23051736920278,-17.20797540360655,23.571776912366506,11,-50.80229428156929
11508,4433,興采,TPEx,M14C 成衣,-45.52540687719116,-48.47300208681007,5.367630831359371,28,-50.89303770855053
11508,6216,居易,TWSE,M23K 通信網路,-24.322915114858624,-19.861490163908563,26.817191653679874,74,-51.1401067685385
11508,3645,達邁,TWSE,M23B 印刷電路板,-10.96126130902746,31.380330573810134,40.582840603580124,66,-51.54410191260759
11508,3272,東碩,TPEx,M23C 光電及I/O,-41.79680734673532,-46.49583336569303,9.849321993850566,130,-51.64612934058589
11508,6988,威力暘-創,TWSE,M23B 印刷電路板,-11.128136687921177,-0.3104958692960245,40.582840603580124,66,-51.7109772915013
11508,4999,鑫禾,TWSE,M23D 電子零組件,-26.9358643994044,-27.896725018283806,25.08933578159188,195,-52.02520018099628
11508,6698,旭暉應材,TWSE,M23C 光電及I/O,-42.385665155935996,-1.0184329134404253,9.849321993850566,130,-52.23498714978656
11508,3437,榮創,TWSE,M23C 光電及I/O,-42.512089132849766,-35.984755459746594,9.849321993850566,130,-52.36141112670033
11508,8080,泰霖,TPEx,M25A 建設,-30.350553505535057,73.4777613655014,22.16517290505406,74,-52.51572641058912
11508,6163,華電網,TPEx,M23K 通信網路,-26.496393748092462,-42.59861859948166,26.817191653679874,74,-53.313585401772336
11508,2359,所羅門,TWSE,M23T 電子通路,-18.145105055918055,-32.9558158751762,35.1919397058577,57,-53.33704476177576
11508,4743,合一,TPEx,M17C 藥,-39.40356630457061,-31.870031109574835,13.935210320845938,75,-53.33877662541655
11508,2924,宏太-KY,TPEx,M25B 營造,-45.89178356713427,-26.754832146490337,7.954559176920941,17,-53.84634274405521
11508,6161,捷波,TPEx,M23A 電腦及週邊,-18.36895952287703,-3.516465667763024,35.82690162998942,65,-54.195861152866456
11508,8039,台虹,TWSE,M23B 印刷電路板,-13.8285894962624,-4.783914734400727,40.582840603580124,66,-54.41143009984252
11508,3593,力銘,TWSE,M23D 電子零組件,-29.803008404261014,-13.780860646306584,25.08933578159188,195,-54.89234418585289
11508,6725,矽科宏晟,TPEx,M23H 電子設備,-12.38849803558143,-5.487279424603063,42.51717000649329,84,-54.905668042074716
11508,6533,晶心科,TWSE,M23G 半導體,-25.725230125795587,-5.211087278229494,29.27771748942473,163,-55.00294761522032
11508,3024,憶聲,TWSE,M15C 家電製品,-44.122551672688445,-32.812417553425384,11.219507352700457,22,-55.342059025388906
11508,4413,飛寶企業,TPEx,M14C 成衣,-50.146266806152894,21.547835533618308,5.367630831359371,28,-55.513897637512265
11508,2331,精英,TWSE,M23A 電腦及週邊,-20.15511038447163,-1.597851260936696,35.82690162998942,65,-55.98201201446105
11508,1789,神隆,TWSE,M17C 藥,-42.18344285361997,7.509508267472285,13.935210320845938,75,-56.11865317446591
11508,3615,安可,TPEx,M23C 光電及I/O,-46.65056061450784,-28.445138669635586,9.849321993850566,130,-56.499882608358405
11508,4946,辣椒,TPEx,M23X 資訊服務,-36.48972229996579,-41.91410693970421,20.16137918832383,73,-56.651101488289626
11508,6821,聯寶,TPEx,M23D 電子零組件,-31.633238997580083,-31.791304347826088,25.08933578159188,195,-56.722574779171964
11508,3317,尼克森,TPEx,M23G 半導體,-27.572966685034068,-29.628118838806174,29.27771748942473,163,-56.8506841744588
11508,3447,展達,TWSE,M23K 通信網路,-30.265777626569616,45.580408947221,26.817191653679874,74,-57.082969280249486
11508,6150,撼訊,TPEx,M23A 電腦及週邊,-21.272232633067034,19.879977973016945,35.82690162998942,65,-57.099134263056456
11508,6203,海韻電,TPEx,M23D 電子零組件,-32.18808364781756,6.204943874374988,25.08933578159188,195,-57.277419429409434
11508,3483,力致,TPEx,M23D 電子零組件,-32.23645305285372,-1.9251832241186153,25.08933578159188,195,-57.3257888344456
11508,6854,錼創科技-KY創,TWSE,M23C 光電及I/O,-47.64214329574883,3.4789644012944985,9.849321993850566,130,-57.4914652895994
11508,1468,昶和,TWSE,M14C 成衣,-52.633788037775446,-47.488425118075426,5.367630831359371,28,-58.00141886913482
11508,6470,宇智,TPEx,M23K 通信網路,-31.28707432104682,11.755983499039978,26.817191653679874,74,-58.104265974726694
11508,2887,台新新光金,TWSE,M28L 金融控股,-44.54199215009353,-12.579733025338912,13.898753138784288,13,-58.440745288877814
11508,3349,寶德,TPEx,M23C 光電及I/O,-49.33618843683084,73.50281104864337,9.849321993850566,130,-59.185510430681404
11508,6735,美達科技,TPEx,M23H 電子設備,-16.82813366907089,2.1169566128694193,42.51717000649329,84,-59.34530367556418
11508,6237,驊訊,TPEx,M23G 半導體,-31.67923235092529,-57.86198616818005,29.27771748942473,163,-60.95694984035002
11508,6624,萬年清,TPEx,M99L 資源回收,-45.72212291191518,95.43890800133171,15.567574908502475,28,-61.28969782041766
11508,1532,勤美,TWSE,M15A 機械,-42.63623757729223,35.569549744203854,18.699479537392047,44,-61.33571711468427
11508,1530,亞崴,TWSE,M15A 機械,-42.949571712106966,-63.42629215270192,18.699479537392047,44,-61.64905124949901
11508,3115,富榮綱,TPEx,M23B 印刷電路板,-21.174652241112828,50.442477876106196,40.582840603580124,66,-61.75749284469295
11508,5269,祥碩,TWSE,M23G 半導體,-32.50801819573959,12.658898575594609,29.27771748942473,163,-61.78573568516432
11508,6243,迅杰,TWSE,M23G 半導體,-32.53518435967649,-0.2448210922787194,29.27771748942473,163,-61.81290184910122
11508,2881,富邦金,TWSE,M28L 金融控股,-48.01854159471246,280.36369008535786,13.898753138784288,13,-61.917294733496746
11508,6552,易華電,TWSE,M23B 印刷電路板,-21.342480291085508,-6.836954569940743,40.582840603580124,66,-61.92532089466563
11508,1570,力肯,TPEx,M15A 機械,-44.00695703659845,-19.652718776550554,18.699479537392047,44,-62.7064365739905
11508,8444,綠河-KY,TPEx,M99B 五金及家具,-58.50322010931624,15.49430060595788,4.203265064610972,17,-62.70648517392721
11508,2740,華軒,TPEx,M27A 餐飲飯店,-58.91670924885028,16.996507566938302,4.04536424457842,40,-62.962073493428704
11508,1541,錩泰,TWSE,M15A 機械,-45.25425831723356,-16.6369030214973,18.699479537392047,44,-63.9537378546256
11508,3259,鑫創,TPEx,M23G 半導體,-35.05377188162336,-21.80426255848022,29.27771748942473,163,-64.3314893710481
11508,5302,太欣,TPEx,M23G 半導體,-35.61715481171548,-70.24413826444284,29.27771748942473,163,-64.89487230114021
11508,2474,可成,TWSE,M23D 電子零組件,-40.457521383248356,-5.048619597204645,25.08933578159188,195,-65.54685716484023
11508,2883,凱基金,TWSE,M28L 金融控股,-51.734690174233705,60.64216709067564,13.898753138784288,13,-65.63344331301799
11508,6114,久威,TPEx,M23B 印刷電路板,-25.142320391665717,-35.56219831916301,40.582840603580124,66,-65.72516099524584
11508,8038,長園科,TPEx,M23D 電子零組件,-40.86070930950773,-15.73507439775681,25.08933578159188,195,-65.95004509109961
11508,2458,義隆,TWSE,M23G 半導體,-36.72388444133861,-15.665395602931682,29.27771748942473,163,-66.00160193076334
11508,6005,群益證,TWSE,M30A 證券,45.34586757893414,48.11666933847363,111.39694347967702,8,-66.05107590074289
11508,6222,立軒,TPEx,M25A 建設,-43.96551724137931,16.071428571428573,22.16517290505406,74,-66.13069014643337
11508,8092,建暐,TPEx,M23H 電子設備,-23.891918691125433,-15.707108145951734,42.51717000649329,84,-66.40908869761873
11508,6194,育富,TPEx,M23B 印刷電路板,-26.719336088082677,15.280730444262742,40.582840603580124,66,-67.3021766916628
11508,2237,華德動能-創,TWSE,M22A 汽車製造,30.064676727490944,16.62574535250789,98.4969606411519,7,-68.43228391366095
11508,5522,遠雄,TWSE,M25A 建設,-46.73673080364693,-8.695192060338902,22.16517290505406,74,-68.90190370870098
11508,4911,德英,TPEx,M17C 藥,-55.33238054772297,2.4269264836138174,13.935210320845938,75,-69.2675908685689
11508,5474,聰泰,TPEx,M23A 電腦及週邊,-33.51877168997792,-24.04130945443404,35.82690162998942,65,-69.34567331996735
11508,3257,虹冠電,TWSE,M23G 半導體,-40.26848972048054,-3.7422536790020655,29.27771748942473,163,-69.54620720990528
11508,1540,喬福,TWSE,M15A 機械,-50.941795677572344,24.63143458882304,18.699479537392047,44,-69.6412752149644
11508,3581,博磊,TPEx,M23H 電子設備,-27.737783877566876,-37.78731468063761,42.51717000649329,84,-70.25495388406017
11508,6591,動力-KY,TWSE,M23D 電子零組件,-46.169606912578146,2.473551072287505,25.08933578159188,195,-71.25894269417003
11508,3379,彬台,TPEx,M15H 儀器設備,-65.77847911030959,-66.61339510879127,5.66321072986094,5,-71.44168984017053
11508,7799,禾榮科,TWSE,M17G 醫療耗材,-62.217194570135746,,9.322370286362348,57,-71.53956485649809
11508,3323,加百裕,TPEx,M23D 電子零組件,-46.97599644168356,-27.619226484654984,25.08933578159188,195,-72.06533222327545
11508,6674,鋐寶科技,TWSE,M23K 通信網路,-45.45653661875428,-59.519648880399885,26.817191653679874,74,-72.27372827243416
11508,2641,正德,TPEx,M26A 海運,-41.239884839292685,-1.3549295345161438,31.062250846303606,12,-72.30213568559628
11508,2431,聯昌,TWSE,M23D 電子零組件,-47.32130464954892,23.461006749613727,25.08933578159188,195,-72.4106404311408
11508,8059,凱碩,TPEx,M23K 通信網路,-46.3353144351255,-26.090388170677155,26.817191653679874,74,-73.15250608880537
11508,6823,濾能,TPEx,M23H 電子設備,-30.751278232431023,4.635408208245366,42.51717000649329,84,-73.26844823892431
11508,7715,裕山,TPEx,M99L 資源回收,-57.92275200932166,-53.37050623624358,15.567574908502475,28,-73.49032691782413
11508,3078,僑威,TPEx,M23D 電子零組件,-49.33731714000558,-11.285803272121376,25.08933578159188,195,-74.42665292159747
11508,7770,君曜,TPEx,M23G 半導體,-45.18457324231488,10.558624923265807,29.27771748942473,163,-74.46229073173961
11508,6872,浩宇生醫,TPEx,M17G 醫療耗材,-65.33767290480066,7.169811320754717,9.322370286362348,57,-74.660043191163
11508,5301,寶得利,TPEx,M29B 貿易,-80.33851007037127,-3.6849925705794946,-5.434177906512505,7,-74.90433216385877
11508,6160,欣技,TPEx,M23A 電腦及週邊,-39.833925369213375,-41.77131234524231,35.82690162998942,65,-75.6608269992028
11508,2314,台揚,TWSE,M23K 通信網路,-48.862663136142565,-16.97749770384733,26.817191653679874,74,-75.67985478982244
11508,6101,寬魚國際,TPEx,M99H 電視廣播,-79.24034997426659,-69.69223371002644,-3.412680420161717,7,-75.82766955410487
11508,6865,偉康科技,TPEx,M23X 資訊服務,-56.55998202304902,-18.994313079916193,20.16137918832383,73,-76.72136121137285
11508,1538,正峰,TWSE,M15A 機械,-58.080032749974414,21.00443131462334,18.699479537392047,44,-76.77951228736646
11508,9906,欣巴巴,TWSE,M25A 建設,-56.33325661017925,10.492501456027956,22.16517290505406,74,-78.49842951523331
11508,4903,聯光通,TPEx,M23K 通信網路,-51.77898241655431,-20.662803332126042,26.817191653679874,74,-78.59617407023418
11508,6276,安鈦克,TPEx,M23D 電子零組件,-53.79029761641534,-3.2391288243573597,25.08933578159188,195,-78.87963339800721
11508,6512,啟發電,TPEx,M23C 光電及I/O,-69.10820978092498,72.61205564142195,9.849321993850566,130,-78.95753177477555
11508,5530,龍巖,TPEx,M25E 靈骨塔,12.127510852770216,-11.96019526849418,91.91210131567433,2,-79.78459046290412
11508,6928,攸泰科技,TWSE,M23A 電腦及週邊,-44.998744368878796,-41.064603286178716,35.82690162998942,65,-80.82564599886823
11508,1235,興泰,TWSE,M12B 油脂飼料,-80.63493740425757,-57.396862289366645,1.2417645099363464,12,-81.87670191419392
11508,6895,宏碩系統,TPEx,M23H 電子設備,-39.511090198824775,8.002657132250942,42.51717000649329,84,-82.02826020531806
11508,3049,精金,TWSE,M23C 光電及I/O,-72.22465114584472,-0.7130531045485625,9.849321993850566,130,-82.07397313969528
11508,3712,永崴投控,TWSE,M23C 光電及I/O,-72.73710735170101,-83.9268393821897,9.849321993850566,130,-82.58642934555158
11508,2882,國泰金,TWSE,M28L 金融控股,-69.46614444389321,17.309732141741776,13.898753138784288,13,-83.3648975826775
11508,1471,首利,TWSE,M23D 電子零組件,-59.21791681478848,-34.475668265935575,25.08933578159188,195,-84.30725259638037
11508,7825,和亞智慧,TPEx,M23H 電子設備,-41.893346934149385,1.9640015910898965,42.51717000649329,84,-84.41051694064268
11508,4909,新復興,TPEx,M23B 印刷電路板,-43.85496451408896,-4.213870407001139,40.582840603580124,66,-84.43780511766909
11508,5364,力麗店,TPEx,M27A 餐飲飯店,-80.599982709432,-24.018058690744923,4.04536424457842,40,-84.64534695401042
11508,8064,東捷,TPEx,M23H 電子設備,-43.496604917924714,1.4107739420935412,42.51717000649329,84,-86.013774924418
11508,4406,新昕纖,TPEx,M14A 人纖,-94.2592787298917,-68.52572416774751,-8.157545288115324,14,-86.10173344177637
11508,9902,台火,TWSE,M99Z 其他,-81.59245854726034,-0.04570383912248629,5.206317955870409,27,-86.79877650313074
11508,4609,唐鋒,TPEx,M15C 家電製品,-75.74917641713053,-11.755952380952381,11.219507352700457,22,-86.96868376983099
11508,8101,華冠,TWSE,M23K 通信網路,-60.34699445176716,-44.019387225203396,26.817191653679874,74,-87.16418610544703
11508,6103,合邦,TPEx,M23T 電子通路,-52.21646516983304,-22.124225933571026,35.1919397058577,57,-87.40840487569074
11508,3325,旭品,TPEx,M23D 電子零組件,-63.71309745754031,-4.4788998247269785,25.08933578159188,195,-88.80243323913218
11508,2601,益航,TWSE,M26A 海運,-59.09316054715623,-3.0865166162935873,31.062250846303606,12,-90.15541139345984
11508,2536,宏普,TWSE,M25A 建設,-68.50736064901326,132.35590826551888,22.16517290505406,74,-90.67253355406733
11508,5410,國眾,TPEx,M23T 電子通路,-55.6284080147291,-44.29716710603722,35.1919397058577,57,-90.8203477205868
11508,2230,泰茂,TPEx,M15D 汽車組件,-84.12389530588268,-70.62172217490699,6.816747433041865,54,-90.94064273892455
11508,1439,雋揚,TWSE,M25A 建設,-70.81854291725219,59.7447641068967,22.16517290505406,74,-92.98371582230625
11508,6620,漢達,TPEx,M17C 藥,-79.91967266913751,-4.25363920870539,13.935210320845938,75,-93.85488298998345
11508,3288,點晶,TPEx,M23G 半導體,-64.59901995936417,-45.34046872116627,29.27771748942473,163,-93.8767374487889
11508,4907,富宇,TPEx,M25A 建設,-71.73565036259836,42376.811594202896,22.16517290505406,74,-93.90082326765243
11508,6576,逸達,TPEx,M17C 藥,-81.14841986455981,-11.743725231175693,13.935210320845938,75,-95.08363018540575
11508,3188,鑫龍騰,TPEx,M25A 建設,-73.8039081541027,-30.943095075994968,22.16517290505406,74,-95.96908105915676
11508,2545,皇翔,TWSE,M25A 建設,-75.63728646642173,-94.61057824842118,22.16517290505406,74,-97.80245937147579
11508,7803,雲象科技-創,TWSE,M17G 醫療耗材,-88.96945967110415,418.2487122884474,9.322370286362348,57,-98.29182995746649
11508,2528,皇普,TWSE,M25A 建設,-76.39063420672002,-67.92781827582318,22.16517290505406,74,-98.55580711177409
11508,2254,巨鎧精密-創,TWSE,M15D 汽車組件,-92.05668016194332,21.712158808933,6.816747433041865,54,-98.87342759498519
11508,2201,裕隆,TWSE,M22A 汽車製造,-2.0245191558224644,-2.2924561094755345,98.4969606411519,7,-100.52147979697436
11508,3523,迎輝,TPEx,M23C 光電及I/O,-90.70075609946215,-56.69167473378509,9.849321993850566,130,-100.55007809331272
11508,2204,中華,TWSE,M22A 汽車製造,-3.0418046674271215,-21.641342601533616,98.4969606411519,7,-101.53876530857902
11508,4804,大略-KY,TPEx,M27A 餐飲飯店,-97.52467491775027,-22.54901960784314,4.04536424457842,40,-101.5700391623287
11508,6405,悅城,TWSE,M23C 光電及I/O,-91.85185185185185,,9.849321993850566,130,-101.70117384570241
11508,5704,老爺知,TPEx,M27A 餐飲飯店,-98.08605114071352,-25.86002372479241,4.04536424457842,40,-102.13141538529194
11508,4503,金雨,TPEx,M23A 電腦及週邊,-67.20382410190543,40.99163203734275,35.82690162998942,65,-103.03072573189485
11508,8476,台境*,TWSE,M99L 資源回收,-94.32823657249301,94.41303624875292,15.567574908502475,28,-109.89581148099549
11508,1436,華友聯,TWSE,M25A 建設,-87.90431716806596,-38.63708220415538,22.16517290505406,74,-110.06949007312002
11508,5227,立凱-KY,TPEx,M23D 電子零組件,-85.49029799029799,25.0,25.08933578159188,195,-110.57963377188987
11508,4168,醣聯,TPEx,M17C 藥,-97.21371708511941,-91.3907284768212,13.935210320845938,75,-111.14892740596535
11508,8291,尚茂,TPEx,M23B 印刷電路板,-72.35449735449735,-22.878228782287824,40.582840603580124,66,-112.93733795807748
11508,6919,康霈*,TWSE,M17C 藥,-100.0,,13.935210320845938,75,-113.93521032084594
11508,5519,隆大,TWSE,M25A 建設,-92.5171145256551,2.2935451552883928,22.16517290505406,74,-114.68228743070917
11508,2718,全心投控,TPEx,M25A 建設,-93.09852102132481,40.52731860548947,22.16517290505406,74,-115.26369392637888
11508,3521,台鋼建設,TPEx,M25A 建設,-98.05447470817121,1900.0,22.16517290505406,74,-120.21964761322528
11508,2530,華建,TWSE,M25A 建設,-99.86671400435164,-20.19002375296912,22.16517290505406,74,-122.0318869094057
11508,6171,大城地產,TPEx,M25A 建設,-99.90006056935191,-2.9411764705882355,22.16517290505406,74,-122.06523347440597
11508,6186,新潤,TPEx,M25A 建設,-100.0,-100.0,22.16517290505406,74,-122.16517290505406
11508,6020,大展證,TPEx,M30A 證券,-33.684531816999964,141.11409367750437,111.39694347967702,8,-145.08147529667698
11508,6021,美好證,TPEx,M30A 證券,-35.717378097745254,95.59864017847657,111.39694347967702,8,-147.1143215774223
